timestamp,soil_raw,soil_percent,air_humidity,temp_c,light_raw,plant_condition
2026-04-18 16:46:57,4021,2,87.0,23.0,534,saludable
2026-04-18 16:56:11,3998,2,87.0,23.0,573,saludable
2026-04-18 17:06:15,4011,2,91.0,23.0,544,saludable
2026-04-18 17:16:18,4003,2,91.0,23.0,511,saludable
2026-04-18 17:26:22,4015,2,91.0,23.0,487,saludable
2026-04-18 17:36:26,4032,1,91.0,23.0,464,saludable
2026-04-18 17:46:29,4018,2,91.0,23.0,435,saludable
2026-04-18 17:56:33,4031,1,91.0,23.0,405,saludable
2026-04-18 18:06:36,4032,1,91.0,23.0,381,saludable
2026-04-18 18:16:40,4016,2,91.0,23.0,352,saludable
2026-04-18 18:26:44,3889,5,91.0,23.0,333,saludable
2026-04-18 18:36:47,3957,3,91.0,23.0,320,saludable
2026-04-18 18:46:51,3986,3,91.0,23.0,529,saludable
2026-04-18 18:56:54,3987,2,91.0,23.0,529,saludable
2026-04-18 19:06:58,3991,2,91.0,23.0,528,saludable
2026-04-18 19:17:02,3981,3,91.0,23.0,528,saludable
2026-04-18 19:27:05,4016,2,91.0,23.0,531,saludable
2026-04-18 19:37:09,4007,2,91.0,23.0,545,saludable
2026-04-18 19:47:11,4031,1,91.0,23.0,539,saludable
2026-04-18 19:57:15,4025,1,91.0,23.0,523,saludable
2026-04-18 20:07:19,4043,1,91.0,23.0,531,saludable
2026-04-18 20:17:22,4025,1,91.0,24.0,511,saludable
2026-04-18 20:27:26,4022,2,91.0,24.0,510,saludable
2026-04-18 20:37:29,4048,1,91.0,24.0,522,saludable
2026-04-18 20:47:33,4050,1,91.0,23.0,527,saludable
2026-04-18 20:57:37,4046,1,87.0,24.0,544,saludable
2026-04-18 21:07:40,4043,1,87.0,23.0,528,saludable
2026-04-18 21:17:44,4036,1,87.0,24.0,557,saludable
2026-04-18 21:27:47,4073,0,87.0,24.0,499,saludable
2026-04-18 21:37:51,4051,1,87.0,24.0,530,saludable
2026-04-18 21:47:55,4053,1,87.0,24.0,537,saludable
2026-04-18 21:57:58,4023,1,87.0,23.0,533,saludable
2026-04-18 22:08:02,4031,1,85.0,24.0,589,saludable
2026-04-18 22:18:05,4043,1,83.0,23.0,548,saludable
2026-04-18 22:28:09,4048,1,87.0,23.0,503,saludable
2026-04-18 22:38:13,4060,0,87.0,24.0,507,saludable
2026-04-18 22:48:15,4061,0,85.0,24.0,511,saludable
2026-04-18 22:58:19,4063,0,87.0,24.0,509,saludable
2026-04-18 23:08:22,4066,0,87.0,24.0,511,saludable
2026-04-18 23:18:26,4054,1,83.0,24.0,523,saludable
2026-04-18 23:28:30,4071,0,83.0,23.0,526,saludable
2026-04-18 23:38:33,4066,0,83.0,24.0,511,saludable
2026-04-18 23:48:37,4079,0,83.0,24.0,523,saludable
2026-04-18 23:58:40,4053,1,85.0,23.0,498,saludable
2026-04-19 00:08:44,4077,0,83.0,23.0,567,saludable
2026-04-19 00:18:48,4003,2,83.0,24.0,550,saludable
2026-04-19 00:28:51,3987,2,83.0,23.0,559,saludable
2026-04-19 00:38:55,4015,2,83.0,23.0,523,saludable
2026-04-19 00:48:58,4039,1,83.0,23.0,541,saludable
2026-04-19 00:59:02,4050,1,87.0,24.0,535,saludable
2026-04-19 01:09:06,4060,0,87.0,24.0,533,saludable
2026-04-19 01:19:09,4084,0,87.0,23.0,335,saludable
2026-04-19 01:29:13,4095,0,83.0,23.0,327,saludable
2026-04-19 01:39:15,4087,0,82.0,23.0,322,saludable
2026-04-19 01:49:19,4085,0,80.0,23.0,342,saludable
2026-04-19 01:59:23,4089,0,80.0,23.0,0,saludable
2026-04-19 02:09:26,4095,0,80.0,23.0,0,saludable
2026-04-19 02:19:30,4092,0,79.0,23.0,0,saludable
2026-04-19 02:29:33,4084,0,79.0,23.0,0,saludable
2026-04-19 02:39:37,4093,0,79.0,23.0,0,saludable
2026-04-19 02:48:59,4095,0,79.0,23.0,325,saludable
2026-04-19 02:59:03,4095,0,78.0,23.0,315,saludable
2026-04-19 03:09:06,4091,0,80.0,23.0,0,saludable
2026-04-19 03:19:10,4095,0,80.0,23.0,0,saludable
2026-04-19 03:29:14,4091,0,79.0,23.0,0,saludable
2026-04-19 03:39:17,4095,0,78.0,23.0,0,saludable
2026-04-19 03:49:21,4095,0,78.0,23.0,0,saludable
2026-04-19 03:59:24,4095,0,77.0,23.0,0,saludable
2026-04-19 04:09:28,4095,0,77.0,23.0,0,saludable
2026-04-19 04:19:32,4091,0,76.0,23.0,0,saludable
2026-04-19 04:29:35,4095,0,76.0,23.0,0,saludable
2026-04-19 04:39:38,4093,0,76.0,23.0,0,saludable
2026-04-19 04:49:41,4095,0,77.0,23.0,0,saludable
2026-04-19 04:59:45,4059,0,76.0,23.0,0,saludable
2026-04-19 05:09:49,4095,0,77.0,23.0,0,saludable
2026-04-19 05:19:52,4095,0,77.0,23.0,0,saludable
2026-04-19 05:29:56,4095,0,77.0,23.0,0,saludable
2026-04-19 05:39:59,4095,0,77.0,23.0,0,saludable
2026-04-19 05:50:03,4095,0,77.0,23.0,0,saludable
2026-04-19 06:00:07,4089,0,77.0,23.0,0,saludable
2026-04-19 06:10:10,4095,0,78.0,23.0,0,saludable
2026-04-19 06:20:14,4095,0,78.0,23.0,0,saludable
2026-04-19 06:30:17,4095,0,78.0,23.0,0,saludable
2026-04-19 06:40:21,4095,0,78.0,23.0,0,saludable
2026-04-19 06:50:24,4095,0,78.0,23.0,0,saludable
2026-04-19 07:00:28,4095,0,79.0,23.0,0,saludable
2026-04-19 07:10:32,4095,0,79.0,23.0,0,saludable
2026-04-19 07:20:35,4095,0,79.0,23.0,0,saludable
2026-04-19 07:30:39,4095,0,79.0,23.0,60,saludable
2026-04-19 07:40:42,4095,0,79.0,23.0,138,saludable
2026-04-19 07:50:45,4095,0,80.0,23.0,55,saludable
2026-04-19 08:00:49,4095,0,80.0,23.0,336,saludable
2026-04-19 08:10:52,4095,0,80.0,23.0,553,saludable
2026-04-19 08:20:56,4095,0,80.0,23.0,710,saludable
2026-04-19 08:30:59,4095,0,80.0,23.0,812,saludable
2026-04-19 08:33:35,4095,0,80.0,23.0,804,saludable
2026-04-19 08:43:38,4095,0,80.0,23.0,912,saludable
2026-04-19 08:53:42,4095,0,80.0,23.0,1099,saludable
2026-04-19 09:03:45,4095,0,80.0,23.0,1270,saludable
2026-04-19 09:13:49,4095,0,80.0,23.0,1314,saludable
2026-04-19 09:23:53,4095,0,80.0,23.0,1344,saludable
2026-04-19 09:33:56,4095,0,82.0,23.0,1318,saludable
2026-04-19 09:44:00,4095,0,82.0,23.0,1214,saludable
2026-04-19 09:54:03,4095,0,82.0,23.0,1386,saludable
2026-04-19 10:04:07,4095,0,82.0,23.0,1843,saludable
2026-04-19 10:14:11,4095,0,83.0,23.0,1955,saludable
2026-04-19 10:24:14,4095,0,83.0,23.0,1482,saludable
2026-04-19 10:34:18,4095,0,83.0,23.0,1336,saludable
2026-04-19 10:44:20,4095,0,83.0,23.0,1275,saludable
2026-04-19 10:54:24,4095,0,82.0,23.0,1262,saludable
2026-04-19 11:04:28,4095,0,83.0,23.0,1360,saludable
2026-04-19 11:14:31,4095,0,83.0,23.0,1451,saludable
2026-04-19 11:24:35,4095,0,83.0,23.0,1478,saludable
2026-04-19 11:34:38,4095,0,83.0,23.0,1637,saludable
2026-04-19 11:44:42,4095,0,83.0,23.0,1584,saludable
2026-04-19 11:54:46,4095,0,83.0,23.0,1305,saludable
2026-04-19 12:04:49,4095,0,82.0,23.0,1198,saludable
2026-04-19 12:06:22,4095,0,82.0,23.0,1175,saludable
2026-04-19 12:16:26,4095,0,82.0,23.0,1691,saludable
2026-04-19 12:26:29,4095,0,82.0,23.0,1478,saludable
2026-04-19 12:36:33,4095,0,81.0,23.0,1393,saludable
2026-04-19 12:46:36,4095,0,81.0,23.0,1229,saludable
2026-04-19 12:56:40,4095,0,80.0,23.0,1535,saludable
2026-04-19 13:06:44,4095,0,82.0,23.0,1520,saludable
2026-04-19 13:16:47,4095,0,82.0,24.0,1627,saludable
2026-04-19 13:26:51,4095,0,82.0,24.0,1837,saludable
2026-04-19 13:36:54,4095,0,82.0,24.0,1792,saludable
2026-04-19 13:46:57,4095,0,82.0,24.0,1873,saludable
2026-04-19 13:57:01,4095,0,80.0,24.0,1922,saludable
2026-04-19 14:07:04,4095,0,79.0,24.0,1751,saludable
2026-04-19 14:17:08,4095,0,80.0,24.0,2186,saludable
2026-04-19 14:27:11,4095,0,80.0,24.0,1840,saludable
2026-04-19 14:37:15,4095,0,80.0,24.0,1409,saludable
2026-04-19 14:47:19,4095,0,80.0,24.0,1041,saludable
2026-04-19 14:57:22,4095,0,80.0,24.0,996,saludable
2026-04-19 15:07:26,4095,0,80.0,24.0,917,saludable
2026-04-19 15:17:29,4095,0,80.0,24.0,871,saludable
2026-04-19 15:27:33,4095,0,80.0,24.0,824,saludable
2026-04-19 15:37:37,4095,0,81.0,24.0,787,saludable
2026-04-19 15:47:40,4095,0,82.0,23.0,748,saludable
2026-04-19 15:57:44,4095,0,82.0,23.0,709,saludable
2026-04-19 16:07:47,4095,0,83.0,23.0,360,saludable
2026-04-19 16:17:51,4095,0,83.0,23.0,307,saludable
2026-04-19 16:27:55,4095,0,83.0,23.0,265,saludable
2026-04-19 16:37:58,4095,0,83.0,23.0,226,saludable
2026-04-19 16:48:01,4095,0,83.0,23.0,183,saludable
2026-04-19 16:58:04,4095,0,83.0,23.0,144,saludable
2026-04-19 17:08:08,4095,0,82.0,23.0,123,saludable
2026-04-19 17:18:12,4095,0,82.0,23.0,77,saludable
2026-04-19 17:28:15,4095,0,82.0,23.0,51,saludable
2026-04-19 17:38:19,4095,0,82.0,23.0,1,saludable
2026-04-19 17:48:22,4095,0,82.0,23.0,0,saludable
2026-04-19 17:58:26,4095,0,82.0,23.0,0,saludable
2026-04-19 18:08:30,4095,0,82.0,23.0,281,estres_leve
2026-04-19 18:08:46,4095,0,82.0,23.0,336,estres_leve
2026-04-19 18:18:50,4095,0,82.0,23.0,322,estres_leve
2026-04-19 18:28:53,4095,0,82.0,23.0,304,estres_leve
2026-04-19 18:38:57,4095,0,83.0,23.0,304,estres_leve
2026-04-19 18:49:00,4095,0,83.0,23.0,302,estres_leve
2026-04-19 18:59:04,4095,0,83.0,23.0,293,estres_leve
2026-04-19 19:09:08,4095,0,85.0,23.0,310,estres_leve
2026-04-19 19:19:11,4095,0,87.0,23.0,202,estres_leve
2026-04-19 19:29:15,4095,0,87.0,23.0,230,estres_leve
2026-04-19 19:39:18,4095,0,82.0,24.0,234,estres_leve
2026-04-19 19:49:21,4095,0,82.0,24.0,228,estres_leve
2026-04-19 19:59:25,4095,0,82.0,24.0,230,estres_leve
2026-04-19 20:09:28,4095,0,83.0,24.0,230,estres_leve
2026-04-19 20:19:32,4095,0,83.0,24.0,214,estres_leve
2026-04-19 20:29:36,4095,0,83.0,24.0,217,estres_leve
2026-04-19 20:39:39,4095,0,80.0,24.0,206,estres_leve
2026-04-19 21:19:54,4095,0,80.0,24.0,433,estres_leve
2026-04-19 21:29:57,4095,0,82.0,23.0,433,estres_leve
2026-04-19 21:40:01,4095,0,82.0,23.0,432,estres_leve
2026-04-19 21:50:04,4095,0,82.0,23.0,433,estres_leve
2026-04-19 22:00:08,4095,0,83.0,24.0,432,estres_leve
2026-04-19 22:10:12,4095,0,83.0,23.0,430,estres_leve
2026-04-19 22:20:15,4095,0,83.0,23.0,434,estres_leve
2026-04-19 22:30:19,4095,0,83.0,23.0,432,estres_leve
2026-04-19 22:40:22,4095,0,83.0,23.0,435,estres_leve
2026-04-19 22:41:03,4027,1,83.0,23.0,378,estres_leve
2026-04-19 22:43:06,2757,37,83.0,23.0,368,estres_leve
2026-04-19 22:54:43,2925,32,77.0,24.0,441,estres_leve
2026-04-19 23:04:47,3107,27,76.0,24.0,447,estres_leve
2026-04-19 23:14:51,3190,25,74.0,24.0,447,estres_leve
2026-04-19 23:24:54,3255,23,72.0,24.0,432,estres_leve
2026-04-19 23:28:49,3279,22,71.0,24.0,368,marchita
2026-04-19 23:38:52,3295,22,71.0,24.0,430,marchita
2026-04-19 23:48:56,3378,19,75.0,23.0,432,marchita
2026-04-19 23:58:59,3413,18,78.0,23.0,428,marchita
2026-04-20 00:09:03,3440,18,78.0,23.0,432,marchita
2026-04-20 00:19:07,3471,17,79.0,23.0,432,marchita
2026-04-20 00:29:10,3495,16,79.0,23.0,432,marchita
2026-04-20 00:39:14,3505,16,79.0,23.0,431,marchita
2026-04-20 00:49:17,3529,15,79.0,23.0,207,marchita
2026-04-20 00:59:21,3557,14,78.0,23.0,0,marchita
2026-04-20 01:09:25,3557,14,78.0,23.0,0,marchita
2026-04-20 01:19:28,3574,14,78.0,23.0,0,marchita
2026-04-20 01:29:32,3600,13,78.0,23.0,0,marchita
2026-04-20 01:39:35,3598,13,77.0,23.0,0,marchita
2026-04-20 01:49:39,3613,13,77.0,23.0,0,marchita
2026-04-20 01:59:43,3603,13,77.0,23.0,0,marchita
2026-04-20 02:09:46,3626,13,77.0,23.0,0,marchita
2026-04-20 02:19:50,3635,12,77.0,23.0,0,marchita
2026-04-20 02:29:52,3632,12,77.0,23.0,0,marchita
2026-04-20 02:39:56,3661,12,77.0,23.0,0,marchita
2026-04-20 02:50:00,3652,12,77.0,23.0,0,marchita
2026-04-20 03:00:03,3654,12,77.0,23.0,0,marchita
2026-04-20 03:10:07,3657,12,77.0,23.0,0,marchita
2026-04-20 03:20:10,3673,11,76.0,23.0,0,marchita
2026-04-20 03:30:14,3692,11,77.0,23.0,0,marchita
2026-04-20 03:40:18,3674,11,77.0,23.0,0,marchita
2026-04-20 03:50:21,3685,11,76.0,23.0,0,marchita
2026-04-20 04:00:25,3698,11,76.0,23.0,0,marchita
2026-04-20 04:10:28,3691,11,76.0,23.0,0,marchita
2026-04-20 04:20:32,3719,10,76.0,23.0,0,marchita
2026-04-20 04:30:35,3691,11,76.0,23.0,0,marchita
2026-04-20 04:40:39,3703,10,76.0,23.0,0,marchita
2026-04-20 04:50:43,3703,10,76.0,23.0,0,marchita
2026-04-20 05:00:46,3703,10,77.0,23.0,0,marchita
2026-04-20 05:10:50,3725,10,77.0,23.0,0,marchita
2026-04-20 05:20:53,3718,10,77.0,23.0,0,marchita
2026-04-20 05:30:56,3742,9,77.0,23.0,0,marchita
2026-04-20 05:41:00,3749,9,77.0,23.0,0,marchita
2026-04-20 05:51:03,3739,9,77.0,23.0,0,marchita
2026-04-20 06:01:07,3734,10,77.0,23.0,0,marchita
2026-04-20 06:11:10,3760,9,77.0,23.0,0,marchita
2026-04-20 06:21:14,3730,10,77.0,23.0,0,marchita
2026-04-20 06:31:18,3748,9,77.0,23.0,0,marchita
2026-04-20 06:41:21,3757,9,77.0,23.0,0,marchita
2026-04-20 06:51:25,3760,9,77.0,23.0,0,marchita
2026-04-20 07:01:28,3760,9,77.0,23.0,0,marchita
2026-04-20 07:11:32,3788,8,77.0,23.0,0,marchita
2026-04-20 07:21:36,3790,8,77.0,23.0,0,marchita
2026-04-20 07:31:39,3659,12,77.0,23.0,0,marchita
2026-04-20 07:41:43,3783,8,77.0,23.0,0,marchita
2026-04-20 07:51:46,3799,8,77.0,23.0,235,marchita
2026-04-20 08:01:50,3772,8,77.0,23.0,527,marchita
2026-04-20 08:11:54,3792,8,77.0,23.0,471,marchita
2026-04-20 08:21:57,3772,8,77.0,23.0,568,marchita
2026-04-20 08:31:23,3794,8,77.0,23.0,619,marchita
2026-04-20 08:32:09,3459,17,76.0,23.0,542,marchita
2026-04-20 08:42:12,3815,7,76.0,23.0,465,marchita
2026-04-20 08:52:16,4095,0,76.0,23.0,593,marchita
2026-04-20 08:55:30,2651,40,75.0,23.0,752,marchita
2026-04-20 08:56:00,2643,40,73.0,23.0,839,marchita
2026-04-20 09:06:04,2912,32,72.0,23.0,784,marchita
2026-04-20 09:16:07,2965,31,72.0,23.0,729,marchita
2026-04-20 09:26:11,2986,30,73.0,23.0,577,marchita
2026-04-20 09:36:14,3013,30,73.0,23.0,677,marchita
2026-04-20 09:46:18,3021,29,73.0,23.0,574,marchita
2026-04-20 09:56:22,3026,29,72.0,23.0,727,marchita
2026-04-20 10:06:25,3065,28,72.0,23.0,679,marchita
2026-04-20 10:16:29,3066,28,72.0,23.0,917,marchita
2026-04-20 10:26:32,3098,27,72.0,23.0,740,marchita
2026-04-20 10:36:36,3109,27,72.0,23.0,916,marchita
2026-04-20 10:46:40,3122,26,73.0,23.0,833,marchita
2026-04-20 10:56:43,3135,26,74.0,22.0,764,marchita
2026-04-20 11:06:47,3138,26,73.0,23.0,688,marchita
2026-04-20 11:16:50,3149,26,73.0,23.0,1003,marchita
2026-04-20 11:26:54,3175,25,73.0,23.0,861,marchita
2026-04-20 11:36:58,3175,25,73.0,23.0,989,marchita
2026-04-20 11:47:01,3184,25,73.0,23.0,917,marchita
2026-04-20 11:57:04,3188,25,74.0,23.0,950,marchita
2026-04-20 12:07:08,3203,24,74.0,23.0,1216,marchita
2026-04-20 12:17:11,3213,24,74.0,23.0,1047,marchita
2026-04-20 12:27:15,3201,24,74.0,23.0,1019,marchita
2026-04-20 12:37:18,3205,24,74.0,23.0,1122,marchita
2026-04-20 12:47:22,3208,24,74.0,23.0,976,marchita
2026-04-20 12:57:26,3219,24,74.0,23.0,720,marchita
2026-04-20 13:07:29,3217,24,74.0,23.0,843,marchita
2026-04-20 13:17:33,3203,24,74.0,23.0,473,marchita
2026-04-20 13:27:36,3258,23,74.0,23.0,454,marchita
2026-04-20 13:37:40,3245,23,74.0,22.0,573,marchita
2026-04-20 13:47:44,3263,23,76.0,22.0,630,marchita
2026-04-20 13:57:47,3274,22,78.0,22.0,464,marchita
2026-04-20 14:07:51,3285,22,79.0,21.0,335,marchita
2026-04-20 14:17:54,3285,22,80.0,21.0,316,marchita
2026-04-20 14:27:58,3298,22,81.0,21.0,445,marchita
2026-04-20 14:38:02,3301,22,81.0,21.0,436,marchita
2026-04-20 14:48:05,3299,22,81.0,21.0,511,marchita
2026-04-20 14:58:08,3310,21,81.0,21.0,322,marchita
2026-04-20 15:08:11,3317,21,81.0,21.0,255,marchita
2026-04-20 15:18:15,3339,20,81.0,21.0,766,marchita
2026-04-20 15:28:19,3329,21,80.0,21.0,671,marchita
2026-04-20 15:38:22,3337,21,80.0,21.0,713,marchita
2026-04-20 15:48:26,3327,21,81.0,21.0,464,marchita
2026-04-20 15:58:29,3313,21,80.0,22.0,486,marchita
2026-04-20 16:08:33,3323,21,79.0,22.0,491,marchita
2026-04-20 16:18:37,3344,20,78.0,22.0,650,marchita
2026-04-20 16:28:40,3326,21,77.0,22.0,730,marchita
2026-04-20 16:38:44,3345,20,77.0,22.0,366,marchita
2026-04-20 16:48:47,3341,20,77.0,22.0,321,marchita
2026-04-20 16:58:51,3339,20,77.0,22.0,576,marchita
2026-04-20 17:08:55,3344,20,77.0,22.0,492,marchita
2026-04-20 17:18:58,3350,20,77.0,22.0,465,marchita
2026-04-20 17:29:02,3366,20,76.0,22.0,375,marchita
2026-04-20 17:39:05,3345,20,76.0,22.0,330,marchita
2026-04-20 17:49:09,3373,20,75.0,22.0,285,marchita
2026-04-20 17:59:12,3357,20,75.0,22.0,253,marchita
2026-04-20 18:09:15,3370,20,75.0,22.0,251,marchita
2026-04-20 18:19:19,3365,20,75.0,22.0,259,marchita
2026-04-20 18:29:22,3375,19,75.0,22.0,301,marchita
2026-04-20 18:39:26,3353,20,76.0,22.0,318,marchita
2026-04-20 18:49:30,3419,18,76.0,22.0,192,marchita
2026-04-20 18:59:33,3378,19,75.0,22.0,438,marchita
2026-04-20 19:09:37,3371,20,75.0,23.0,419,marchita
2026-04-20 19:19:40,3377,19,75.0,23.0,400,marchita
2026-04-20 19:29:44,3390,19,75.0,23.0,448,marchita
2026-04-20 19:39:48,3375,19,76.0,23.0,437,marchita
2026-04-20 19:49:51,3363,20,75.0,23.0,432,marchita
2026-04-20 19:59:55,3385,19,75.0,23.0,437,marchita
2026-04-20 20:09:58,3393,19,76.0,23.0,357,marchita
2026-04-20 20:20:02,3387,19,76.0,23.0,496,marchita
2026-04-20 20:30:06,3403,19,76.0,23.0,477,marchita
2026-04-20 20:39:23,3386,19,72.0,23.0,494,estres_leve
2026-04-20 20:49:26,3405,19,76.0,23.0,498,estres_leve
2026-04-20 20:59:29,3403,19,78.0,23.0,495,estres_leve
2026-04-21 00:26:32,2495,44,80.0,23.0,1485,estres_leve
2026-04-21 00:39:56,2559,42,82.0,23.0,0,estres_leve
2026-04-21 00:54:57,2608,41,83.0,23.0,0,estres_leve
2026-04-21 01:09:59,2639,40,83.0,23.0,0,estres_leve
2026-04-21 01:25:00,2645,40,82.0,23.0,0,estres_leve
2026-04-21 01:40:02,2675,39,81.0,23.0,0,estres_leve
2026-04-21 01:55:03,2672,39,80.0,23.0,0,estres_leve
2026-04-21 02:10:05,2694,38,80.0,23.0,0,estres_leve
2026-04-21 02:25:07,2690,38,80.0,23.0,0,estres_leve
2026-04-21 02:40:08,2701,38,81.0,23.0,0,estres_leve
2026-04-21 02:55:10,2714,38,82.0,23.0,0,estres_leve
2026-04-21 03:10:11,2713,38,83.0,23.0,0,estres_leve
2026-04-21 03:25:12,2725,38,83.0,23.0,0,estres_leve
2026-04-21 03:40:14,2722,38,83.0,23.0,0,estres_leve
2026-04-21 03:55:15,2737,37,83.0,23.0,0,estres_leve
2026-04-21 04:10:17,2736,37,83.0,23.0,0,estres_leve
2026-04-21 04:25:18,2745,37,83.0,23.0,0,estres_leve
2026-04-21 04:40:20,2747,37,85.0,23.0,0,estres_leve
2026-04-21 04:55:22,2757,37,87.0,23.0,0,estres_leve
2026-04-21 05:10:23,2758,37,87.0,23.0,0,estres_leve
2026-04-21 05:25:25,2778,36,88.0,22.0,0,estres_leve
2026-04-21 05:40:26,2782,36,88.0,22.0,0,estres_leve
2026-04-21 05:55:28,2785,36,88.0,22.0,0,estres_leve
2026-04-21 06:10:29,2793,36,88.0,22.0,0,estres_leve
2026-04-21 06:25:30,2797,36,87.0,23.0,0,estres_leve
2026-04-21 06:40:32,2794,36,88.0,22.0,0,estres_leve
2026-04-21 06:55:33,2805,35,88.0,22.0,0,estres_leve
2026-04-21 07:10:35,2811,35,86.0,22.0,0,estres_leve
2026-04-21 07:25:36,2819,35,84.0,22.0,0,estres_leve
2026-04-21 07:31:07,2832,35,88.0,22.0,336,estres_leve
2026-04-21 07:40:38,2815,35,86.0,22.0,294,estres_leve
2026-04-21 07:55:40,2829,35,85.0,23.0,298,estres_leve
2026-04-21 08:10:41,2829,35,83.0,23.0,0,estres_leve
2026-04-21 08:25:43,2832,35,83.0,23.0,463,estres_leve
2026-04-21 08:40:44,2832,35,83.0,23.0,128,estres_leve
2026-04-21 16:09:37,2963,31,87.0,23.0,475,estres_leve
2026-04-21 16:23:29,2880,33,87.0,23.0,359,estres_leve
2026-04-21 16:23:55,2909,32,87.0,23.0,1739,estres_leve
2026-04-21 16:38:56,2850,34,87.0,23.0,1613,estres_leve
2026-04-21 19:11:50,3005,30,67.0,23.0,2692,marchita
2026-04-21 19:24:58,3040,29,70.0,23.0,2717,marchita
2026-04-23 19:08:03,3543,15,36.0,23.0,4095,estres_leve
2026-04-23 19:20:28,3582,14,38.0,22.0,4049,estres_leve
2026-04-23 19:35:30,3735,9,64.0,22.0,4080,estres_leve
2026-04-23 19:50:32,3705,10,74.0,22.0,4095,estres_leve
2026-04-23 20:05:33,3708,10,78.0,22.0,4090,estres_leve
2026-04-23 20:14:30,3746,9,79.0,23.0,4080,estres_leve
2026-04-23 20:20:35,3681,11,79.0,23.0,4095,estres_leve
2026-04-23 20:35:36,3607,13,79.0,23.0,4095,estres_leve
2026-04-23 20:50:38,3745,9,82.0,23.0,4082,estres_leve
2026-04-23 21:05:40,3670,11,83.0,23.0,4063,estres_leve
2026-04-23 21:20:41,3687,11,87.0,23.0,4080,estres_leve
2026-04-23 21:35:43,3667,11,87.0,23.0,4095,estres_leve
2026-04-23 21:50:44,3669,11,91.0,23.0,4095,estres_leve
2026-04-23 22:29:37,2592,41,43.0,25.0,242,estres_leve
2026-04-23 22:43:08,3043,29,46.0,24.0,219,estres_leve
2026-04-23 22:58:10,3103,27,72.0,22.0,176,estres_leve
2026-04-23 23:13:11,3141,26,76.0,22.0,176,estres_leve
2026-04-23 23:28:13,3173,25,72.0,22.0,176,estres_leve
2026-04-23 23:43:14,3185,25,69.0,22.0,174,estres_leve
2026-04-23 23:50:17,3219,24,68.0,22.0,176,estres_leve
2026-04-23 23:58:16,3247,23,69.0,22.0,172,estres_leve
2026-04-24 00:13:18,3261,23,70.0,22.0,0,estres_leve
2026-04-24 00:28:19,3271,22,70.0,22.0,0,estres_leve
2026-04-24 00:43:21,3293,22,69.0,22.0,0,estres_leve
2026-04-24 00:58:22,3307,21,68.0,22.0,0,estres_leve
2026-04-24 01:13:24,3315,21,67.0,22.0,0,estres_leve
2026-04-24 01:28:25,3327,21,67.0,22.0,0,estres_leve
2026-04-24 01:43:26,3341,20,66.0,22.0,0,estres_leve
2026-04-24 01:58:28,3367,20,66.0,22.0,0,estres_leve
2026-04-24 02:13:29,3370,20,65.0,22.0,0,estres_leve
2026-04-24 02:28:31,3375,19,65.0,21.0,0,estres_leve
2026-04-24 02:43:33,3405,19,65.0,22.0,0,estres_leve
2026-04-24 02:58:34,3409,19,65.0,22.0,0,estres_leve
2026-04-24 03:13:36,3408,19,65.0,21.0,0,estres_leve
2026-04-24 03:28:37,3426,18,64.0,21.0,0,estres_leve
2026-04-24 03:43:39,3425,18,64.0,21.0,0,estres_leve
2026-04-24 03:58:40,3439,18,64.0,21.0,0,estres_leve
2026-04-24 04:13:42,3443,18,64.0,21.0,0,estres_leve
2026-04-24 04:28:43,3461,17,64.0,21.0,0,estres_leve
2026-04-24 04:43:44,3467,17,64.0,21.0,0,estres_leve
2026-04-24 04:58:46,3485,16,64.0,21.0,0,estres_leve
2026-04-24 05:13:47,3473,17,64.0,21.0,0,estres_leve
2026-04-24 05:28:49,3483,16,64.0,21.0,0,estres_leve
2026-04-24 05:43:51,3509,16,64.0,21.0,0,estres_leve
2026-04-24 05:58:52,3504,16,64.0,21.0,0,estres_leve
2026-04-24 06:13:54,3523,15,64.0,21.0,0,estres_leve
2026-04-24 06:28:55,3523,15,64.0,21.0,0,estres_leve
2026-04-24 06:43:57,3530,15,64.0,21.0,0,estres_leve
2026-04-24 06:58:58,3535,15,64.0,21.0,0,estres_leve
2026-04-24 07:14:00,3533,15,64.0,21.0,0,estres_leve
2026-04-24 07:29:01,3540,15,63.0,21.0,0,estres_leve
2026-04-24 07:44:02,3557,14,63.0,21.0,19,estres_leve
2026-04-24 07:59:04,3562,14,63.0,21.0,118,estres_leve
2026-04-24 08:14:06,3568,14,63.0,21.0,303,estres_leve
2026-04-24 08:29:07,3568,14,63.0,21.0,455,estres_leve
2026-04-24 08:44:09,3571,14,63.0,21.0,683,estres_leve
2026-04-24 08:59:10,3575,14,63.0,21.0,815,estres_leve
2026-04-24 09:14:12,3571,14,63.0,21.0,806,estres_leve
2026-04-24 09:29:13,3583,14,63.0,21.0,809,estres_leve
2026-04-24 09:44:15,3609,13,63.0,21.0,752,estres_leve
2026-04-24 09:50:07,3609,13,63.0,21.0,1102,estres_leve
2026-04-24 09:59:17,3622,13,63.0,21.0,1388,estres_leve
2026-04-24 10:14:18,3611,13,63.0,21.0,1140,estres_leve
2026-04-24 10:29:19,3606,13,64.0,21.0,1038,estres_leve
2026-04-24 10:44:20,3602,13,64.0,21.0,1038,estres_leve
2026-04-24 10:59:22,3615,13,66.0,21.0,1021,estres_leve
2026-04-24 11:14:24,3621,13,71.0,21.0,1040,estres_leve
2026-04-24 11:29:25,3583,14,73.0,22.0,1159,estres_leve
2026-04-24 11:44:27,3623,13,75.0,22.0,863,estres_leve
2026-04-24 11:59:28,3631,12,73.0,22.0,707,estres_leve
2026-04-24 12:14:30,3630,12,72.0,22.0,1062,estres_leve
2026-04-24 12:29:32,3644,12,71.0,22.0,912,estres_leve
2026-04-24 12:44:33,3643,12,69.0,22.0,621,estres_leve
2026-04-24 12:59:35,3650,12,68.0,22.0,787,estres_leve
2026-04-24 13:14:36,3649,12,68.0,22.0,1345,estres_leve
2026-04-24 13:29:37,3641,12,68.0,22.0,1428,estres_leve
2026-04-24 13:44:39,3651,12,69.0,22.0,1463,estres_leve
2026-04-24 13:59:40,3649,12,73.0,22.0,1491,estres_leve
2026-04-24 14:14:42,3655,12,74.0,22.0,1558,estres_leve
2026-04-24 14:29:43,3649,12,75.0,22.0,674,estres_leve
2026-04-24 14:44:45,3666,11,75.0,22.0,613,estres_leve
2026-04-24 14:59:47,3655,12,74.0,22.0,570,estres_leve
2026-04-24 15:07:57,3674,11,75.0,22.0,537,estres_leve
2026-04-24 15:20:22,3664,11,76.0,22.0,386,estres_leve
2026-04-24 15:24:15,3669,11,77.0,22.0,475,estres_leve
2026-04-24 15:39:17,3664,11,77.0,22.0,432,estres_leve
2026-04-24 15:54:19,3664,11,77.0,22.0,402,estres_leve
2026-04-24 16:09:20,3681,11,77.0,22.0,371,estres_leve
2026-04-24 16:24:22,3683,11,77.0,22.0,342,estres_leve
2026-04-24 16:39:23,3690,11,76.0,22.0,31,estres_leve
2026-04-24 16:54:25,3684,11,75.0,22.0,33,estres_leve
2026-04-24 17:09:27,3702,10,75.0,22.0,2,estres_leve
2026-04-24 17:24:28,3708,10,73.0,22.0,0,estres_leve
2026-04-24 17:39:30,3707,10,73.0,22.0,0,estres_leve
2026-04-24 17:54:31,3693,11,72.0,22.0,207,estres_leve
2026-04-24 18:09:32,3707,10,71.0,22.0,176,estres_leve
2026-04-24 18:24:34,3705,10,70.0,22.0,164,estres_leve
2026-04-24 18:39:35,3713,10,70.0,22.0,165,estres_leve
2026-04-24 18:54:37,3716,10,71.0,22.0,0,estres_leve
2026-04-24 19:09:38,3715,10,71.0,22.0,0,estres_leve
2026-04-24 19:24:40,3718,10,70.0,22.0,0,estres_leve
2026-04-24 19:39:41,3717,10,70.0,22.0,0,estres_leve
2026-04-24 19:54:43,3730,10,70.0,22.0,0,estres_leve
2026-04-24 20:09:45,3728,10,70.0,22.0,0,estres_leve
2026-04-24 20:24:46,3733,10,69.0,22.0,178,estres_leve
2026-04-24 20:39:48,3730,10,69.0,22.0,171,estres_leve
2026-04-24 20:54:49,3739,9,70.0,22.0,165,estres_leve
2026-04-24 21:09:50,3728,10,69.0,22.0,166,estres_leve
2026-04-24 21:24:52,3728,10,69.0,22.0,167,estres_leve
2026-04-24 21:39:53,3749,9,69.0,22.0,167,estres_leve
2026-04-24 21:54:55,3755,9,69.0,22.0,167,estres_leve
2026-04-24 22:09:56,3730,10,69.0,22.0,166,estres_leve
2026-04-24 22:24:58,3735,9,69.0,22.0,168,estres_leve
2026-04-24 22:40:00,3746,9,70.0,22.0,162,estres_leve
2026-04-24 22:45:28,3749,9,71.0,22.0,146,estres_leve
2026-04-24 22:55:01,3733,10,71.0,22.0,171,estres_leve
2026-04-24 23:10:03,3749,9,71.0,22.0,0,estres_leve
2026-04-24 23:25:04,3746,9,71.0,22.0,0,estres_leve
2026-04-24 23:40:06,3755,9,71.0,22.0,0,estres_leve
2026-04-24 23:55:08,3756,9,71.0,22.0,0,estres_leve
2026-04-25 00:10:08,3758,9,71.0,22.0,0,estres_leve
2026-04-25 00:25:10,3774,8,71.0,22.0,0,estres_leve
2026-04-25 00:40:12,3749,9,71.0,22.0,0,estres_leve
2026-04-25 00:55:13,3755,9,70.0,22.0,0,estres_leve
2026-04-25 01:10:15,3760,9,70.0,22.0,0,estres_leve
2026-04-25 01:25:16,3762,9,70.0,22.0,0,estres_leve
2026-04-25 01:40:18,3776,8,70.0,21.0,0,estres_leve
2026-04-25 01:55:19,3769,9,70.0,21.0,0,estres_leve
2026-04-25 02:10:21,3760,9,70.0,21.0,0,estres_leve
2026-04-25 02:25:23,3769,9,69.0,21.0,0,estres_leve
2026-04-25 02:40:24,3772,8,70.0,21.0,0,estres_leve
2026-04-25 02:55:26,3774,8,70.0,21.0,0,estres_leve
2026-04-25 03:10:27,3777,8,70.0,21.0,0,estres_leve
2026-04-25 03:25:29,3777,8,70.0,21.0,0,estres_leve
2026-04-25 03:40:31,3788,8,70.0,21.0,0,estres_leve
2026-04-25 03:55:32,3789,8,70.0,21.0,0,estres_leve
2026-04-25 04:10:34,3776,8,70.0,21.0,0,estres_leve
2026-04-25 04:25:35,3789,8,70.0,21.0,0,estres_leve
2026-04-25 04:40:37,3790,8,70.0,21.0,0,estres_leve
2026-04-25 04:55:39,3785,8,70.0,21.0,0,estres_leve
2026-04-25 05:10:40,3793,8,70.0,21.0,0,estres_leve
2026-04-25 05:25:42,3790,8,70.0,21.0,0,estres_leve
2026-04-25 05:40:43,3792,8,70.0,21.0,0,estres_leve
2026-04-25 05:55:45,3801,8,70.0,21.0,0,estres_leve
2026-04-25 06:10:46,3782,8,69.0,21.0,0,estres_leve
2026-04-25 06:25:48,3788,8,69.0,21.0,0,estres_leve
2026-04-25 06:40:50,3804,8,70.0,21.0,0,estres_leve
2026-04-25 06:55:51,3814,7,70.0,21.0,0,estres_leve
2026-04-25 07:10:53,3798,8,69.0,21.0,0,saludable
2026-04-25 07:25:54,3807,7,69.0,21.0,0,saludable
2026-04-25 07:40:56,3807,7,69.0,21.0,0,saludable
2026-04-25 07:55:58,3804,8,69.0,21.0,37,saludable
2026-04-25 08:10:59,3811,7,69.0,21.0,130,saludable
2026-04-25 08:26:01,3825,7,69.0,21.0,269,saludable
2026-04-25 08:41:02,3818,7,69.0,21.0,291,saludable
2026-04-25 08:56:04,3817,7,69.0,21.0,301,saludable
2026-04-25 09:11:06,3811,7,69.0,21.0,422,saludable
2026-04-25 09:26:07,3815,7,69.0,21.0,423,saludable
2026-04-25 09:41:09,3806,8,69.0,21.0,688,saludable
2026-04-25 09:56:07,3826,7,69.0,21.0,1109,saludable
2026-04-25 10:11:09,3817,7,69.0,21.0,707,saludable
2026-04-25 10:26:10,3818,7,69.0,21.0,816,saludable
2026-04-25 10:41:12,3810,7,69.0,21.0,934,saludable
2026-04-25 10:56:13,3819,7,70.0,21.0,625,saludable
2026-04-25 11:11:15,3806,8,71.0,21.0,956,saludable
2026-04-25 11:26:17,3824,7,71.0,21.0,913,saludable
2026-04-25 11:41:18,3817,7,71.0,21.0,883,saludable
2026-04-25 11:56:20,3832,7,72.0,22.0,632,saludable
2026-04-25 12:11:21,3811,7,73.0,21.0,885,saludable
2026-04-25 12:26:23,3824,7,74.0,21.0,790,saludable
2026-04-25 12:41:25,3835,7,74.0,21.0,1776,saludable
2026-04-25 12:56:26,3802,8,74.0,21.0,1643,saludable
2026-04-25 13:11:27,3831,7,73.0,22.0,1869,saludable
2026-04-25 13:26:29,3834,7,75.0,22.0,1337,saludable
2026-04-25 13:41:30,3819,7,78.0,22.0,1008,saludable
2026-04-25 13:56:32,3814,7,84.0,22.0,878,saludable
2026-04-25 14:04:24,3819,7,84.0,22.0,959,saludable
2026-04-25 14:11:34,3803,8,84.0,22.0,1691,saludable
2026-04-25 14:26:35,3824,7,84.0,22.0,770,saludable
2026-04-25 14:41:37,3805,8,88.0,22.0,847,saludable
2026-04-25 14:56:38,3824,7,88.0,22.0,864,saludable
2026-04-25 15:11:40,3829,7,92.0,22.0,827,saludable
2026-04-25 15:26:42,3820,7,92.0,22.0,814,saludable
2026-04-25 15:41:43,3827,7,92.0,22.0,617,saludable
2026-04-25 15:52:28,3834,7,92.0,22.0,339,saludable
2026-04-25 15:56:44,3823,7,92.0,22.0,385,saludable
2026-04-25 16:11:46,3824,7,92.0,22.0,303,saludable
2026-04-25 16:26:47,3825,7,92.0,22.0,304,saludable
2026-04-25 16:41:49,3833,7,88.0,22.0,182,estres_leve
2026-04-25 16:56:50,3899,5,86.0,22.0,238,estres_leve
2026-04-25 17:11:52,3834,7,84.0,22.0,189,estres_leve
2026-04-25 17:26:54,3829,7,84.0,22.0,11,estres_leve
2026-04-25 17:41:55,3837,7,83.0,22.0,0,estres_leve
2026-04-25 17:56:57,3843,6,83.0,22.0,0,estres_leve
2026-04-25 18:11:58,3842,7,82.0,22.0,0,estres_leve
2026-04-25 18:27:00,3844,6,81.0,22.0,0,estres_leve
2026-04-25 18:27:32,3841,7,81.0,21.0,213,estres_leve
2026-04-25 18:42:01,3849,6,81.0,21.0,169,estres_leve
2026-04-25 18:57:02,3827,7,81.0,22.0,172,estres_leve
2026-04-25 19:12:04,3841,7,81.0,21.0,161,estres_leve
2026-04-25 19:27:05,3843,6,81.0,22.0,169,estres_leve
2026-04-25 19:42:07,3856,6,81.0,22.0,167,estres_leve
2026-04-25 19:57:09,3856,6,80.0,22.0,167,estres_leve
2026-04-25 20:12:10,3858,6,80.0,21.0,176,estres_leve
2026-04-25 20:27:12,3856,6,80.0,21.0,167,estres_leve
2026-04-25 20:42:13,3841,7,80.0,21.0,164,estres_leve
2026-04-25 20:57:15,3855,6,80.0,21.0,202,estres_leve
2026-04-25 21:12:16,3854,6,79.0,21.0,266,estres_leve
2026-04-25 21:27:18,3862,6,80.0,21.0,263,estres_leve
2026-04-25 21:42:20,3858,6,81.0,22.0,200,estres_leve
2026-04-25 21:57:20,3860,6,81.0,22.0,171,estres_leve
2026-04-25 22:12:22,3858,6,83.0,22.0,185,estres_leve
2026-04-25 22:27:23,3877,6,84.0,22.0,86,estres_leve
2026-04-25 22:42:25,3878,6,83.0,22.0,160,estres_leve
2026-04-25 22:57:27,3856,6,83.0,22.0,161,estres_leve
2026-04-25 23:12:28,3869,6,82.0,22.0,166,estres_leve
2026-04-25 23:27:30,3861,6,81.0,22.0,157,estres_leve
2026-04-25 23:42:31,3863,6,80.0,22.0,0,estres_leve
2026-04-25 23:57:33,3867,6,80.0,22.0,0,estres_leve
2026-04-26 00:12:35,3881,5,80.0,21.0,0,estres_leve
2026-04-26 00:27:36,3879,5,79.0,22.0,0,estres_leve
2026-04-26 00:42:38,3879,5,79.0,21.0,0,estres_leve
2026-04-26 00:57:38,3877,6,79.0,21.0,0,estres_leve
2026-04-26 01:12:40,3884,5,78.0,21.0,0,estres_leve
2026-04-26 01:27:42,3898,5,78.0,21.0,0,estres_leve
2026-04-26 01:42:43,3891,5,77.0,21.0,0,estres_leve
2026-04-26 01:57:45,3888,5,77.0,21.0,0,estres_leve
2026-04-26 02:12:46,3902,5,77.0,21.0,0,estres_leve
2026-04-26 02:27:48,3888,5,76.0,21.0,0,estres_leve
2026-04-26 02:38:36,3895,5,76.0,21.0,179,estres_leve
2026-04-26 02:42:50,3889,5,76.0,21.0,156,estres_leve
2026-04-26 02:57:51,3877,6,76.0,21.0,0,estres_leve
2026-04-26 03:12:53,3882,5,75.0,21.0,0,estres_leve
2026-04-26 03:27:54,3901,5,75.0,21.0,0,estres_leve
2026-04-26 03:42:56,3885,5,75.0,21.0,0,estres_leve
2026-04-26 03:57:57,3886,5,75.0,21.0,0,estres_leve
2026-04-26 04:12:58,3889,5,75.0,21.0,0,estres_leve
2026-04-26 04:28:00,3906,5,75.0,21.0,0,estres_leve
2026-04-26 04:43:01,3908,5,75.0,21.0,0,estres_leve
2026-04-26 04:58:03,3917,4,74.0,21.0,0,estres_leve
2026-04-26 05:13:05,3921,4,74.0,21.0,0,estres_leve
2026-04-26 05:28:06,3915,4,74.0,21.0,0,estres_leve
2026-04-26 05:43:08,3897,5,74.0,21.0,0,estres_leve
2026-04-26 05:58:09,3907,5,74.0,21.0,0,estres_leve
2026-04-26 06:13:11,3914,5,74.0,21.0,0,estres_leve
2026-04-26 06:28:13,3910,5,74.0,21.0,0,estres_leve
2026-04-26 06:43:14,3924,4,74.0,21.0,0,estres_leve
2026-04-26 06:58:15,3919,4,74.0,21.0,0,estres_leve
2026-04-26 07:13:16,3904,5,73.0,21.0,0,estres_leve
2026-04-26 07:28:18,3920,4,73.0,21.0,0,estres_leve
2026-04-26 07:43:20,3925,4,73.0,21.0,16,estres_leve
2026-04-26 07:58:21,3920,4,72.0,21.0,190,estres_leve
2026-04-26 08:13:23,3921,4,72.0,21.0,338,estres_leve
2026-04-26 08:28:24,3919,4,72.0,21.0,52,estres_leve
2026-04-26 08:43:26,3911,5,72.0,21.0,123,estres_leve
2026-04-26 08:58:28,3931,4,72.0,21.0,863,estres_leve
2026-04-26 09:13:29,3929,4,72.0,21.0,902,estres_leve
2026-04-26 09:28:31,3917,4,71.0,21.0,863,estres_leve
2026-04-26 09:43:32,3931,4,71.0,21.0,935,estres_leve
2026-04-26 09:58:33,3930,4,71.0,21.0,1453,estres_leve
2026-04-26 10:13:35,3923,4,70.0,21.0,1111,estres_leve
2026-04-26 10:28:36,3930,4,70.0,21.0,1099,estres_leve
2026-04-26 10:43:38,3927,4,69.0,21.0,1056,estres_leve
2026-04-26 10:58:39,3925,4,69.0,21.0,1072,estres_leve
2026-04-26 11:13:41,2323,49,68.0,21.0,1082,estres_leve
2026-04-26 11:28:43,2801,35,67.0,21.0,944,estres_leve
2026-05-15 23:50:11,3798,8,37.0,20.0,0,marchita
2026-05-15 23:50:29,2590,41,37.0,17.0,0,marchita
2026-05-16 08:28:16,3668,11,39.0,14.0,1959,marchita
2026-05-16 08:43:17,3678,11,40.0,14.0,2037,marchita
2026-05-16 08:58:19,3627,12,40.0,14.0,2447,marchita
2026-05-16 09:13:21,3717,10,40.0,14.0,2730,marchita
2026-05-16 09:28:22,3741,9,40.0,14.0,2450,marchita
2026-05-16 09:43:24,3750,9,40.0,14.0,2539,marchita
2026-05-16 09:58:25,3753,9,40.0,14.0,2762,marchita
2026-05-16 10:13:27,3765,9,40.0,14.0,2897,marchita
2026-05-16 10:28:29,3774,8,39.0,15.0,3024,marchita
2026-05-16 10:43:30,3775,8,39.0,15.0,2785,marchita
2026-05-16 10:58:32,3782,8,39.0,16.0,3193,marchita
2026-05-16 11:13:32,3779,8,39.0,16.0,3196,marchita
2026-05-16 11:28:34,3792,8,39.0,16.0,3347,marchita
2026-05-16 11:43:35,3793,8,39.0,16.0,3295,marchita
2026-05-16 11:58:37,3793,8,39.0,16.0,3287,marchita
2026-05-16 12:13:39,3792,8,39.0,16.0,3193,marchita
2026-05-16 12:28:40,3803,8,39.0,16.0,3345,marchita
2026-05-16 12:43:42,3814,7,39.0,16.0,3245,marchita
2026-05-16 12:58:43,3808,7,39.0,16.0,3056,marchita
2026-05-16 13:13:45,3818,7,39.0,16.0,2816,marchita
2026-05-16 13:28:47,3821,7,39.0,16.0,3087,marchita
2026-05-16 13:43:48,3824,7,39.0,16.0,3104,marchita
2026-05-16 13:58:50,3834,7,39.0,16.0,3088,marchita
2026-05-16 14:13:50,3840,7,38.0,16.0,3024,marchita
2026-05-16 14:28:52,3845,6,38.0,16.0,3152,marchita
2026-05-16 14:43:54,3839,7,39.0,16.0,3088,marchita
2026-05-16 14:58:55,3847,6,39.0,16.0,3152,marchita
2026-05-16 15:13:57,3856,6,39.0,16.0,3017,marchita
2026-05-16 15:38:13,3842,7,39.0,16.0,2940,marchita
2026-05-16 15:53:15,3857,6,39.0,16.0,2863,marchita
2026-05-16 16:08:16,3857,6,40.0,16.0,2885,marchita
2026-05-16 16:23:18,3861,6,40.0,16.0,2722,marchita
2026-05-16 16:38:19,3863,6,40.0,16.0,2168,marchita
2026-05-16 16:53:21,3866,6,41.0,16.0,1810,marchita
2026-05-16 17:08:23,3866,6,42.0,16.0,1312,marchita
2026-05-16 17:23:24,3878,6,42.0,16.0,1267,marchita
2026-05-16 17:38:26,3927,4,43.0,16.0,125,marchita
2026-05-16 17:53:27,3925,4,35.0,24.0,102,marchita
2026-05-16 18:08:29,3929,4,34.0,25.0,93,marchita
2026-05-16 18:23:29,3922,4,34.0,25.0,102,marchita
2026-05-16 18:38:31,3926,4,34.0,25.0,99,marchita
2026-05-16 18:53:33,3930,4,34.0,25.0,105,marchita
2026-05-16 19:08:34,3921,4,34.0,25.0,98,marchita
2026-05-16 19:23:36,3929,4,34.0,25.0,99,marchita
2026-05-16 19:38:37,3926,4,34.0,25.0,102,marchita
2026-05-16 19:53:39,3933,4,34.0,25.0,194,marchita
2026-05-16 20:08:41,3935,4,34.0,25.0,167,marchita
2026-05-16 20:23:42,3934,4,34.0,25.0,179,marchita
2026-05-16 20:38:44,3941,4,34.0,25.0,147,marchita
2026-05-16 20:53:45,3934,4,34.0,25.0,109,marchita
2026-05-16 21:08:47,3952,3,34.0,25.0,84,marchita
2026-05-16 21:23:48,3935,4,34.0,25.0,82,marchita
2026-05-16 21:38:49,3941,4,34.0,25.0,76,marchita
2026-05-16 21:53:51,3952,3,34.0,26.0,75,marchita
2026-05-16 22:08:52,3953,3,34.0,26.0,1757,marchita
2026-05-16 22:23:54,3946,4,34.0,26.0,1698,marchita
2026-05-16 22:38:56,3950,4,34.0,26.0,1682,marchita
2026-05-16 22:53:57,3952,3,34.0,26.0,1682,marchita
2026-05-16 23:08:59,3952,3,34.0,26.0,1680,marchita
2026-05-16 23:24:00,3953,3,34.0,26.0,0,marchita
2026-05-16 23:39:02,3967,3,34.0,26.0,0,marchita
2026-05-16 23:54:04,3963,3,34.0,26.0,0,marchita
2026-05-17 00:09:05,3970,3,34.0,26.0,0,marchita
2026-05-17 00:24:06,3967,3,34.0,26.0,0,marchita
2026-05-17 00:39:07,3979,3,34.0,26.0,0,marchita
2026-05-17 00:54:09,3968,3,34.0,26.0,0,marchita
2026-05-17 01:09:11,3982,3,34.0,26.0,0,marchita
2026-05-17 01:24:12,3984,3,34.0,26.0,0,marchita
2026-05-17 01:39:14,3982,3,34.0,26.0,0,marchita
2026-05-17 11:07:21,3844,6,38.0,17.0,3067,marchita
2026-05-17 11:22:23,3888,5,38.0,16.0,3299,marchita
2026-05-17 11:37:24,3920,4,38.0,16.0,3150,marchita
2026-05-17 11:52:26,3942,4,38.0,16.0,3091,marchita
2026-05-17 12:07:27,3957,3,38.0,15.0,2864,marchita
2026-05-17 12:22:29,3968,3,39.0,15.0,3248,marchita
2026-05-17 12:37:31,3983,3,39.0,15.0,3035,marchita
2026-05-17 12:52:32,3997,2,39.0,15.0,2939,marchita
2026-05-18 08:34:27,4029,1,35.0,24.0,1553,marchita
2026-05-18 08:49:29,4070,0,39.0,14.0,1849,marchita
2026-05-18 09:04:30,4075,0,39.0,13.0,1819,marchita
2026-05-18 09:19:32,4095,0,39.0,13.0,1872,marchita
2026-05-18 09:34:33,4095,0,39.0,14.0,2874,marchita
2026-05-18 09:49:35,4095,0,39.0,14.0,2324,marchita
2026-05-18 10:04:37,4095,0,39.0,14.0,2422,marchita
2026-05-18 10:19:38,4095,0,40.0,14.0,2282,marchita
2026-05-18 10:34:40,4095,0,39.0,15.0,2169,marchita
2026-05-18 10:49:41,4095,0,39.0,15.0,3407,marchita
2026-05-18 11:04:43,4095,0,39.0,15.0,2631,marchita
2026-05-18 11:19:43,4095,0,39.0,16.0,2215,marchita
2026-05-18 11:34:45,4095,0,38.0,16.0,2192,marchita
2026-05-18 11:49:47,4095,0,39.0,16.0,2192,marchita
2026-05-18 12:04:48,4095,0,38.0,15.0,2235,marchita
2026-05-18 12:19:50,4095,0,39.0,16.0,2991,marchita
2026-05-18 12:34:51,4095,0,38.0,17.0,2355,marchita
2026-05-18 12:49:53,4095,0,38.0,16.0,2646,marchita
2026-05-18 13:04:55,4095,0,38.0,16.0,2176,marchita
2026-05-18 13:19:56,4095,0,39.0,16.0,3394,marchita
2026-05-18 13:34:58,4095,0,39.0,16.0,2349,marchita
2026-05-18 13:49:59,4095,0,39.0,16.0,2112,marchita
2026-05-18 14:05:01,4095,0,39.0,16.0,2081,marchita
2026-05-18 14:20:02,4095,0,39.0,16.0,2038,marchita
2026-05-18 14:35:03,4095,0,39.0,16.0,1942,marchita
2026-05-18 14:50:05,4095,0,39.0,16.0,1866,marchita
2026-05-18 15:05:06,4095,0,39.0,16.0,1813,marchita
2026-05-18 15:20:08,4095,0,39.0,16.0,1691,marchita
2026-05-18 15:35:09,4095,0,39.0,16.0,1582,marchita
2026-05-18 15:50:11,4095,0,39.0,16.0,1463,marchita
2026-05-18 16:05:13,4095,0,39.0,15.0,1325,marchita
2026-05-18 16:20:14,4095,0,39.0,15.0,1282,marchita
2026-05-18 16:35:16,4095,0,39.0,15.0,1135,marchita
2026-05-18 16:50:17,4095,0,39.0,15.0,995,marchita
2026-05-18 17:05:19,4095,0,39.0,15.0,822,marchita
2026-05-18 17:20:20,4095,0,39.0,15.0,647,marchita
2026-05-18 17:35:21,4095,0,39.0,15.0,414,estres_leve
2026-05-18 17:50:23,4095,0,38.0,15.0,160,estres_leve
2026-05-18 18:05:24,4095,0,38.0,15.0,39,estres_leve
2026-05-18 18:20:26,4095,0,39.0,15.0,22,estres_leve
2026-05-18 18:35:28,4095,0,39.0,15.0,25,estres_leve
2026-05-18 18:50:29,4095,0,39.0,15.0,26,estres_leve
2026-05-18 19:05:31,4095,0,39.0,15.0,26,estres_leve
2026-05-18 19:20:32,4095,0,39.0,15.0,29,estres_leve
2026-05-18 19:35:34,4095,0,39.0,15.0,21,estres_leve
2026-05-18 19:50:35,4095,0,39.0,15.0,27,estres_leve
2026-05-18 20:05:37,4095,0,39.0,15.0,26,estres_leve
2026-05-18 20:20:38,4095,0,40.0,14.0,22,estres_leve
2026-05-18 20:35:39,4095,0,40.0,14.0,27,estres_leve
2026-05-18 20:50:41,4095,0,40.0,14.0,26,estres_leve
2026-05-18 21:05:42,4095,0,40.0,14.0,29,estres_leve
2026-05-18 21:20:44,4095,0,39.0,14.0,22,estres_leve
2026-05-18 21:35:46,4095,0,39.0,14.0,27,estres_leve
2026-05-18 21:50:47,4095,0,39.0,14.0,17,estres_leve
2026-05-18 22:05:49,4095,0,39.0,14.0,39,estres_leve
2026-05-18 22:20:50,4095,0,39.0,14.0,43,estres_leve
2026-05-18 22:35:52,4095,0,39.0,14.0,0,estres_leve
2026-05-18 22:50:53,4095,0,39.0,14.0,0,estres_leve
2026-05-18 23:05:55,4095,0,39.0,14.0,0,estres_leve
2026-05-18 23:20:56,4095,0,39.0,14.0,0,estres_leve
2026-05-18 23:35:57,4095,0,39.0,14.0,0,estres_leve
2026-05-18 23:50:59,4095,0,39.0,14.0,0,estres_leve
2026-05-19 00:06:00,4095,0,39.0,14.0,0,estres_leve
2026-05-19 00:21:02,4095,0,39.0,13.0,0,estres_leve
2026-05-19 00:36:04,4095,0,39.0,13.0,0,estres_leve
2026-05-19 00:51:05,4095,0,39.0,13.0,0,estres_leve
2026-05-19 01:06:07,4095,0,39.0,13.0,0,estres_leve
2026-05-19 01:21:08,4095,0,39.0,13.0,0,estres_leve
2026-05-19 01:36:10,4095,0,39.0,13.0,0,estres_leve
2026-05-19 01:51:11,4095,0,39.0,13.0,0,estres_leve
2026-05-19 02:06:13,4095,0,39.0,13.0,0,estres_leve
2026-05-21 07:16:01,3568,14,35.0,23.0,149,marchita
2026-05-21 07:31:03,3642,12,39.0,14.0,220,marchita
2026-05-21 07:46:05,3663,11,39.0,14.0,347,marchita
2026-05-21 08:01:06,3690,11,39.0,14.0,595,marchita
2026-05-21 08:16:08,3699,10,39.0,14.0,827,marchita
2026-05-21 08:31:09,3715,10,40.0,14.0,944,marchita
2026-05-21 08:46:11,3729,10,40.0,14.0,1263,marchita
2026-05-21 09:01:13,3738,9,40.0,14.0,1334,marchita
2026-05-21 09:16:14,3760,9,40.0,14.0,1455,marchita
2026-05-21 09:31:16,3775,8,40.0,14.0,1647,marchita
2026-05-21 09:46:17,3791,8,40.0,14.0,1722,marchita
2026-05-21 10:01:18,3793,8,40.0,14.0,1776,marchita
2026-05-21 10:16:20,3811,7,40.0,14.0,1987,marchita
2026-05-21 10:31:21,3823,7,40.0,14.0,2141,marchita
2026-05-21 10:46:23,3824,7,40.0,14.0,2195,marchita
2026-05-21 11:01:24,3832,7,40.0,14.0,2320,marchita
2026-05-21 11:16:26,3842,7,40.0,14.0,2450,marchita
2026-05-21 11:31:27,3836,7,40.0,14.0,2711,marchita
2026-05-21 11:46:29,3859,6,40.0,14.0,2721,marchita
2026-05-21 12:01:31,3863,6,40.0,14.0,2855,marchita
2026-05-21 12:16:32,3867,6,40.0,14.0,2974,marchita
2026-05-21 12:31:34,3837,7,39.0,15.0,2832,marchita
2026-05-21 12:46:35,3873,6,39.0,15.0,2693,marchita
2026-05-21 13:01:36,3886,5,39.0,15.0,2515,marchita
2026-05-21 13:16:37,3891,5,39.0,15.0,2467,marchita
2026-05-21 13:31:39,3893,5,40.0,14.0,2559,marchita
2026-05-21 13:46:41,3895,5,39.0,15.0,2615,marchita
2026-05-21 14:01:42,3906,5,39.0,15.0,2727,marchita
2026-05-21 14:16:44,3907,5,39.0,15.0,2646,marchita
2026-05-21 14:31:45,3909,5,39.0,15.0,2647,marchita
2026-05-21 14:46:47,3910,5,39.0,15.0,2242,marchita
2026-05-21 15:01:49,3922,4,39.0,15.0,2100,marchita
2026-05-21 15:16:50,3931,4,40.0,14.0,2227,marchita
2026-05-21 15:31:52,3934,4,40.0,14.0,2108,marchita
2026-05-21 15:46:53,3938,4,40.0,14.0,1936,marchita
2026-05-21 16:01:54,3952,3,40.0,14.0,1706,marchita
2026-05-21 16:16:56,3952,3,40.0,14.0,1635,marchita
2026-05-21 16:31:57,3952,3,40.0,14.0,1200,marchita
2026-05-21 16:46:59,3953,3,40.0,14.0,1015,marchita
2026-05-21 17:02:00,3966,3,40.0,14.0,766,marchita
2026-05-21 17:17:02,3970,3,40.0,14.0,563,marchita
2026-05-22 18:12:43,4016,2,38.0,17.0,778,estres_leve
2026-05-22 18:23:07,4034,1,38.0,15.0,749,estres_leve
2026-05-22 18:38:08,4070,0,39.0,15.0,732,estres_leve
2026-05-22 18:53:10,4095,0,40.0,15.0,731,estres_leve
2026-05-22 19:08:12,4095,0,40.0,15.0,725,estres_leve
2026-05-22 19:23:13,4095,0,41.0,15.0,722,estres_leve
2026-05-22 19:38:15,4095,0,41.0,15.0,720,estres_leve
2026-05-22 19:53:16,4095,0,42.0,16.0,720,estres_leve
2026-05-22 20:08:18,4095,0,41.0,15.0,718,estres_leve
2026-05-22 20:23:20,4095,0,41.0,15.0,717,estres_leve
2026-05-22 20:38:21,4095,0,41.0,15.0,707,estres_leve
2026-05-22 20:53:23,4095,0,41.0,16.0,711,estres_leve
2026-05-22 21:08:23,4095,0,41.0,16.0,707,estres_leve
2026-05-22 21:23:25,4095,0,41.0,16.0,707,estres_leve
2026-05-22 21:38:26,4095,0,41.0,15.0,704,estres_leve
2026-05-22 21:53:28,4095,0,42.0,16.0,704,estres_leve
2026-05-22 22:08:30,4095,0,42.0,15.0,704,estres_leve
2026-05-22 22:23:31,4095,0,42.0,15.0,697,estres_leve
2026-05-22 22:38:33,4095,0,42.0,15.0,705,estres_leve
2026-05-22 22:53:34,4095,0,42.0,15.0,704,estres_leve
2026-05-22 23:08:36,4095,0,42.0,15.0,704,estres_leve
2026-05-22 23:23:38,4095,0,42.0,15.0,698,estres_leve
2026-05-22 23:38:39,4095,0,42.0,16.0,695,estres_leve
2026-05-22 23:53:41,4095,0,42.0,15.0,560,estres_leve
2026-05-23 00:08:41,4095,0,42.0,15.0,560,estres_leve
2026-05-23 00:23:43,4095,0,42.0,15.0,0,estres_leve
2026-05-23 00:38:44,4095,0,42.0,15.0,0,estres_leve
2026-05-23 00:53:46,4095,0,42.0,15.0,0,estres_leve
2026-05-23 01:08:47,4095,0,42.0,15.0,0,estres_leve
2026-05-23 01:23:49,4095,0,42.0,15.0,0,marchita
2026-05-23 01:38:51,4095,0,42.0,15.0,180,marchita
2026-05-23 01:53:52,4095,0,42.0,15.0,0,marchita
2026-05-23 02:08:54,4095,0,42.0,16.0,0,marchita
2026-05-23 02:23:55,4095,0,41.0,15.0,0,marchita
2026-05-23 02:38:57,4095,0,41.0,16.0,0,marchita
2026-05-23 02:53:59,4095,0,40.0,16.0,0,marchita
2026-05-23 03:08:59,4095,0,40.0,16.0,0,marchita
2026-05-23 03:24:01,4095,0,40.0,16.0,0,marchita
2026-05-23 03:39:02,4095,0,40.0,16.0,0,marchita
2026-05-23 03:54:04,4095,0,40.0,16.0,0,marchita
2026-05-23 04:09:05,4095,0,40.0,16.0,0,marchita
2026-05-23 04:24:07,4095,0,40.0,16.0,0,marchita
2026-05-23 04:39:09,4095,0,40.0,16.0,0,marchita
2026-05-23 04:54:10,4095,0,39.0,16.0,0,marchita
2026-05-23 05:09:12,4095,0,40.0,16.0,0,marchita
2026-05-23 05:24:13,4095,0,39.0,16.0,0,marchita
2026-05-23 05:39:15,4095,0,39.0,16.0,0,marchita
2026-05-23 05:54:17,4095,0,39.0,16.0,0,marchita
2026-05-23 06:09:17,4095,0,39.0,16.0,0,marchita
2026-05-23 06:24:19,4095,0,40.0,16.0,0,marchita
2026-05-23 06:39:20,4095,0,40.0,15.0,0,marchita
2026-05-23 06:54:22,4095,0,40.0,16.0,0,marchita
2026-05-24 14:14:46,3734,10,68.0,16.0,2769,marchita
2026-05-24 14:29:47,3744,9,68.0,16.0,2412,marchita
2026-05-24 14:44:49,3754,9,69.0,16.0,2695,marchita
2026-05-24 14:59:50,3779,8,71.0,16.0,2198,marchita
2026-05-24 15:14:52,3787,8,73.0,15.0,2255,marchita
2026-05-24 15:29:54,3792,8,73.0,15.0,2209,marchita
2026-05-24 15:44:55,3814,7,74.0,15.0,2502,marchita
2026-05-24 15:59:57,3823,7,75.0,15.0,2161,marchita
2026-05-24 16:14:57,3822,7,75.0,15.0,2177,marchita
2026-05-24 16:29:59,3843,6,76.0,15.0,1846,marchita
2026-05-24 16:45:01,3840,7,77.0,15.0,1417,marchita
2026-05-24 17:00:11,3849,6,78.0,15.0,1408,marchita
2026-05-24 17:15:13,3856,6,79.0,15.0,785,marchita
2026-05-24 17:30:15,3862,6,80.0,15.0,545,marchita
2026-05-24 17:45:16,3879,5,80.0,15.0,176,marchita
2026-05-24 18:00:18,3887,5,81.0,15.0,254,marchita
2026-05-24 18:15:19,3901,5,82.0,15.0,227,marchita
2026-05-24 18:30:21,3899,5,82.0,15.0,225,marchita
2026-05-24 18:45:22,3901,5,82.0,15.0,233,marchita
2026-05-24 19:00:24,3906,5,82.0,15.0,240,marchita
2026-05-24 19:15:25,3918,4,82.0,15.0,240,marchita
2026-05-24 19:30:26,3919,4,82.0,15.0,236,marchita
2026-05-24 19:45:28,3900,5,82.0,15.0,237,marchita
2026-05-24 20:00:29,3922,4,82.0,15.0,240,marchita
2026-05-24 20:15:31,3919,4,82.0,15.0,237,marchita
2026-05-24 20:30:33,3934,4,82.0,15.0,240,marchita
2026-05-24 20:45:34,3934,4,82.0,15.0,240,marchita
2026-05-24 21:00:36,3930,4,83.0,15.0,240,marchita
2026-05-24 21:15:37,3923,4,83.0,15.0,240,marchita
2026-05-24 21:30:39,3950,4,83.0,15.0,244,marchita
2026-05-24 21:45:41,3939,4,83.0,15.0,239,marchita
2026-05-24 22:00:42,3941,4,83.0,15.0,233,marchita
2026-05-24 22:15:43,3947,4,84.0,15.0,226,marchita
2026-05-24 22:30:44,3947,4,86.0,15.0,227,marchita
2026-05-24 22:45:46,3943,4,86.0,15.0,224,marchita
2026-05-24 23:00:47,3954,3,86.0,15.0,224,marchita
2026-05-24 23:15:49,3961,3,87.0,15.0,217,marchita
2026-05-24 23:16:04,3969,3,87.0,15.0,220,marchita
2026-05-24 23:30:51,3961,3,87.0,15.0,219,marchita
2026-05-24 23:45:52,3903,5,87.0,15.0,33,marchita
2026-05-25 00:01:31,3942,4,87.0,15.0,31,marchita
2026-05-25 00:16:32,3950,4,87.0,15.0,31,marchita
2026-05-25 00:31:34,3952,3,92.0,14.0,29,marchita
2026-05-25 00:46:36,3959,3,91.0,15.0,29,marchita
2026-05-25 01:01:37,3967,3,87.0,15.0,28,marchita
2026-05-25 01:16:38,3958,3,86.0,15.0,29,marchita
2026-05-25 01:31:39,3956,3,84.0,15.0,28,marchita
2026-05-25 01:46:41,3939,4,83.0,15.0,32,marchita
2026-05-25 02:01:42,3949,4,83.0,15.0,31,marchita
2026-05-25 02:16:44,3955,3,82.0,15.0,31,marchita
2026-05-25 02:31:46,3952,3,81.0,15.0,29,marchita
2026-05-25 02:46:47,3953,3,80.0,15.0,30,marchita
2026-05-25 03:01:49,3957,3,80.0,15.0,27,marchita
2026-05-25 03:16:50,3961,3,80.0,15.0,32,marchita
2026-05-25 03:31:52,3952,3,80.0,15.0,30,marchita
2026-05-25 03:46:53,3952,3,79.0,15.0,31,marchita
2026-05-25 04:01:55,3943,4,79.0,15.0,31,marchita
2026-05-25 04:16:56,3945,4,79.0,15.0,33,marchita
2026-05-25 04:31:57,3942,4,79.0,15.0,30,marchita
2026-05-25 04:46:59,3923,4,79.0,15.0,31,marchita
2026-05-25 05:02:00,3914,5,80.0,15.0,29,marchita
2026-05-25 05:17:02,3900,5,80.0,15.0,33,marchita
2026-05-25 05:32:04,3919,4,81.0,14.0,33,marchita
2026-05-25 05:47:05,3662,12,81.0,14.0,32,marchita
2026-05-25 06:02:07,3938,4,80.0,15.0,31,marchita
2026-05-25 06:17:08,3952,3,81.0,14.0,32,marchita
2026-05-25 06:32:10,3958,3,80.0,15.0,34,marchita
2026-05-25 06:47:12,3963,3,80.0,15.0,31,marchita
2026-05-25 07:02:13,3955,3,80.0,15.0,26,marchita
2026-05-25 07:32:47,3970,3,80.0,15.0,279,marchita
2026-05-25 07:47:48,3983,3,81.0,14.0,785,marchita
2026-05-25 08:02:50,3975,3,81.0,14.0,1577,marchita
2026-05-25 08:17:52,3984,3,81.0,14.0,1766,marchita
2026-05-25 23:23:38,3922,4,38.0,20.0,47,marchita
2026-05-25 23:36:16,4042,1,39.0,18.0,0,marchita
2026-05-25 23:51:17,4080,0,59.0,16.0,0,marchita
2026-05-26 00:06:19,4095,0,73.0,16.0,0,marchita
2026-05-26 00:21:20,4087,0,79.0,16.0,0,marchita
2026-05-26 00:36:22,4095,0,82.0,16.0,0,marchita
2026-05-26 00:51:24,4095,0,84.0,16.0,0,marchita
2026-05-26 01:06:25,4095,0,86.0,16.0,0,marchita
2026-05-26 01:21:27,4095,0,86.0,16.0,0,marchita
2026-05-26 01:36:28,4095,0,86.0,16.0,0,marchita
2026-05-26 01:51:30,4095,0,87.0,16.0,0,marchita
2026-05-26 02:06:31,4095,0,87.0,16.0,0,marchita
2026-05-26 02:21:32,4095,0,87.0,16.0,0,marchita
2026-05-26 02:36:34,4095,0,87.0,16.0,0,marchita
2026-05-26 02:51:35,4095,0,87.0,16.0,0,marchita
2026-05-26 03:06:37,4095,0,86.0,16.0,0,marchita
2026-05-26 03:21:38,4095,0,86.0,16.0,0,marchita
2026-05-26 03:36:40,4095,0,86.0,16.0,0,marchita
2026-05-26 03:51:41,4095,0,86.0,16.0,0,marchita
2026-05-26 04:06:43,4095,0,86.0,16.0,0,marchita
2026-05-26 04:21:45,4095,0,86.0,15.0,0,marchita
2026-05-26 04:36:46,4095,0,86.0,15.0,0,marchita
2026-05-26 04:51:48,4095,0,87.0,15.0,0,marchita
2026-05-26 05:06:49,4095,0,87.0,15.0,0,marchita
2026-05-26 05:21:50,4095,0,91.0,15.0,0,marchita
2026-05-26 05:36:51,4095,0,91.0,15.0,0,marchita
2026-05-26 05:51:53,4095,0,91.0,15.0,0,marchita
2026-05-26 06:06:55,4095,0,91.0,15.0,0,marchita
2026-05-26 06:21:56,4095,0,91.0,15.0,0,marchita
2026-05-26 06:36:58,4095,0,91.0,15.0,0,marchita
2026-05-26 06:51:59,4095,0,91.0,15.0,0,marchita
2026-05-26 07:07:01,4095,0,95.0,14.0,0,marchita
2026-05-26 07:22:02,4095,0,95.0,14.0,0,marchita
2026-05-26 07:37:04,4095,0,95.0,15.0,0,marchita
2026-05-26 09:18:43,2594,41,37.0,22.0,2177,marchita
2026-05-26 09:32:45,2623,40,36.0,22.0,2911,marchita
2026-05-26 09:47:46,2767,36,37.0,21.0,2752,marchita
2026-05-26 10:02:48,2966,31,38.0,21.0,2986,marchita
2026-05-26 10:17:49,3058,28,39.0,21.0,2898,marchita
2026-05-26 10:32:51,3131,26,39.0,21.0,2943,marchita
2026-05-26 10:47:52,3153,26,39.0,21.0,2802,marchita
2026-05-26 11:02:54,3177,25,39.0,21.0,2946,marchita
2026-05-26 11:17:56,3211,24,39.0,21.0,2873,marchita
2026-05-26 11:32:57,3230,23,39.0,21.0,2799,marchita
2026-05-26 11:47:59,3250,23,39.0,21.0,2800,marchita
2026-05-26 12:03:00,3265,23,39.0,21.0,2866,marchita
2026-05-26 12:18:01,3281,22,39.0,21.0,2866,marchita
2026-05-26 12:33:02,3280,22,39.0,21.0,2826,marchita
2026-05-26 12:48:04,3297,22,39.0,21.0,2854,marchita
2026-05-26 13:02:05,3317,21,40.0,21.0,2791,marchita
2026-05-26 13:03:05,3349,20,40.0,21.0,2839,marchita
2026-05-26 13:04:23,3359,20,40.0,21.0,2783,marchita
2026-05-26 13:18:07,3344,20,40.0,21.0,2806,marchita
2026-05-26 13:33:09,3358,20,40.0,21.0,2800,marchita
2026-05-26 13:48:10,3362,20,40.0,21.0,2896,marchita
2026-05-26 14:03:12,3367,20,40.0,21.0,2889,marchita
2026-05-26 14:15:56,3406,19,40.0,21.0,2749,marchita
2026-05-26 14:30:44,3383,19,40.0,22.0,2963,marchita
2026-05-26 14:45:46,3399,19,40.0,22.0,2857,marchita
2026-05-26 15:00:47,3406,19,40.0,22.0,2903,marchita
2026-05-26 15:15:49,3417,18,39.0,22.0,2831,marchita
2026-05-26 15:30:50,3441,18,40.0,22.0,2814,marchita
2026-05-26 15:41:47,3435,18,40.0,22.0,2740,marchita
2026-05-26 15:45:52,3462,17,39.0,22.0,2806,marchita
2026-05-26 16:00:54,3443,18,39.0,22.0,2862,marchita
2026-05-26 16:15:55,3454,17,39.0,22.0,2878,marchita
2026-05-26 16:30:57,3440,18,39.0,22.0,2860,marchita
2026-05-26 16:45:58,3447,17,39.0,22.0,2864,marchita
2026-05-26 17:01:00,3471,17,38.0,22.0,2782,marchita
2026-05-26 17:16:01,3470,17,39.0,22.0,2938,marchita
2026-05-26 19:05:05,3150,26,38.0,22.0,2791,marchita
2026-06-12 23:40:06,3820,7,33.0,28.0,1383,estres_leve
2026-06-12 23:53:57,3770,9,33.0,27.0,1291,estres_leve
2026-06-13 00:08:59,3756,9,34.0,26.0,1225,estres_leve
2026-06-13 00:24:00,3728,10,34.0,26.0,0,estres_leve
2026-06-13 00:39:02,3696,11,34.0,26.0,0,estres_leve
2026-06-13 00:54:04,3664,11,34.0,26.0,0,estres_leve
2026-06-13 01:09:05,3654,12,34.0,26.0,0,estres_leve
2026-06-13 01:24:07,3655,12,34.0,26.0,0,estres_leve
2026-06-13 01:39:08,3651,12,34.0,26.0,0,estres_leve
2026-06-13 01:54:10,3648,12,34.0,26.0,0,estres_leve
2026-06-13 02:09:12,3645,12,34.0,26.0,0,estres_leve
2026-06-13 02:24:13,3649,12,34.0,26.0,0,estres_leve
2026-06-13 02:39:14,3648,12,34.0,26.0,0,estres_leve
2026-06-13 02:54:16,3649,12,34.0,26.0,0,estres_leve
2026-06-13 03:09:17,3664,11,34.0,26.0,0,estres_leve
2026-06-13 03:24:19,3668,11,34.0,26.0,0,estres_leve
2026-06-13 03:39:20,3686,11,34.0,26.0,0,estres_leve
2026-06-13 03:54:22,3697,11,34.0,26.0,0,estres_leve
2026-06-13 04:09:23,3698,11,34.0,26.0,0,estres_leve
2026-06-13 04:24:25,3692,11,34.0,26.0,0,estres_leve
2026-06-13 04:39:27,3695,11,34.0,25.0,0,estres_leve
2026-06-13 04:54:28,3669,11,34.0,25.0,0,estres_leve
2026-06-13 05:09:30,3677,11,34.0,25.0,0,estres_leve
2026-06-13 05:24:31,3710,10,34.0,25.0,0,estres_leve
2026-06-13 05:39:32,3719,10,34.0,25.0,0,estres_leve
2026-06-13 05:54:34,3728,10,34.0,25.0,0,estres_leve
2026-06-13 06:09:35,3747,9,34.0,25.0,0,estres_leve
2026-06-13 06:24:37,3767,9,34.0,25.0,0,estres_leve
2026-06-13 06:39:38,3773,8,34.0,25.0,0,estres_leve
2026-06-13 06:54:40,3718,10,34.0,25.0,0,estres_leve
2026-06-13 07:09:42,3728,10,34.0,25.0,0,estres_leve
2026-06-13 07:24:43,3746,9,34.0,25.0,0,estres_leve
2026-06-13 07:39:45,3739,9,34.0,25.0,0,estres_leve
2026-06-13 07:54:46,3780,8,34.0,25.0,0,estres_leve
2026-06-13 08:09:48,3743,9,34.0,25.0,0,estres_leve
2026-06-13 08:24:50,3766,9,34.0,25.0,95,estres_leve
2026-06-13 08:39:50,3757,9,34.0,25.0,683,estres_leve
2026-06-13 08:54:52,3755,9,34.0,25.0,218,estres_leve
2026-06-13 09:09:54,3774,8,34.0,25.0,395,estres_leve
2026-06-13 09:24:55,3788,8,34.0,25.0,873,estres_leve
2026-06-13 09:39:57,3778,8,34.0,25.0,1259,estres_leve
2026-06-13 09:54:58,3787,8,34.0,25.0,1392,estres_leve
2026-06-13 10:10:00,3793,8,34.0,25.0,1344,estres_leve
2026-06-13 10:25:02,3819,7,34.0,25.0,1150,estres_leve
2026-06-13 10:40:03,3808,7,34.0,25.0,854,estres_leve
2026-06-13 10:55:05,3830,7,34.0,25.0,755,estres_leve
2026-06-13 11:10:06,3825,7,34.0,25.0,757,estres_leve
2026-06-13 11:25:08,3789,8,34.0,25.0,1329,estres_leve
2026-06-13 11:40:09,3805,8,34.0,25.0,1038,estres_leve
2026-06-13 11:55:10,3819,7,34.0,25.0,1136,estres_leve
2026-06-13 12:10:12,3801,8,34.0,25.0,1079,estres_leve
2026-06-13 12:25:14,3822,7,34.0,25.0,1305,estres_leve
2026-06-13 12:40:15,3834,7,34.0,25.0,1075,estres_leve
2026-06-13 12:55:17,3833,7,34.0,25.0,1059,estres_leve
2026-06-13 13:10:18,3831,7,34.0,25.0,921,estres_leve
2026-06-13 13:25:20,3826,7,34.0,25.0,1097,estres_leve
2026-06-13 13:40:22,3856,6,34.0,25.0,999,estres_leve
2026-06-13 13:55:23,3824,7,34.0,25.0,661,estres_leve
2026-06-13 14:10:25,3824,7,34.0,25.0,896,estres_leve
2026-06-13 14:25:26,3823,7,34.0,25.0,926,estres_leve
2026-06-13 14:40:27,3827,7,34.0,25.0,1187,estres_leve
2026-06-13 14:55:29,3841,7,34.0,25.0,912,estres_leve
2026-06-13 15:10:30,3826,7,34.0,25.0,581,estres_leve
2026-06-13 15:25:32,3875,6,34.0,25.0,628,estres_leve
2026-06-13 15:40:34,3888,5,34.0,25.0,583,estres_leve
2026-06-13 15:55:35,3843,6,34.0,25.0,651,estres_leve
2026-06-13 16:10:37,3900,5,34.0,25.0,430,estres_leve
2026-06-13 16:25:38,3858,6,34.0,25.0,359,estres_leve
2026-06-13 16:40:40,3881,5,34.0,25.0,295,estres_leve
2026-06-13 16:55:42,3892,5,34.0,25.0,119,estres_leve
2026-06-13 17:10:43,3891,5,34.0,25.0,0,estres_leve
2026-06-13 17:25:45,3826,7,34.0,25.0,193,estres_leve
2026-06-13 17:40:46,3810,7,34.0,25.0,187,estres_leve
2026-06-13 17:55:47,3851,6,34.0,25.0,235,estres_leve
2026-06-13 18:10:49,3845,6,34.0,25.0,215,estres_leve
2026-06-13 18:25:50,3835,7,34.0,25.0,161,estres_leve
2026-06-13 18:40:52,3868,6,34.0,25.0,161,estres_leve
2026-06-13 18:55:54,3878,6,34.0,25.0,157,estres_leve
2026-06-13 19:10:55,3863,6,34.0,25.0,165,estres_leve
2026-06-13 19:25:57,3884,5,34.0,25.0,217,estres_leve
2026-06-13 19:40:59,3895,5,34.0,25.0,222,estres_leve
2026-06-13 19:56:00,3889,5,34.0,25.0,1174,estres_leve
2026-06-13 20:11:02,3888,5,34.0,25.0,239,estres_leve
2026-06-13 20:26:03,3899,5,34.0,25.0,210,estres_leve
2026-06-13 20:41:04,3886,5,34.0,25.0,235,estres_leve
2026-06-13 20:56:06,3895,5,34.0,25.0,235,estres_leve
2026-06-13 21:11:07,3882,5,34.0,25.0,167,estres_leve
2026-06-13 21:26:09,3921,4,34.0,25.0,221,estres_leve
2026-06-13 21:41:10,3902,5,34.0,25.0,222,estres_leve
2026-06-13 21:56:12,3919,4,34.0,25.0,227,estres_leve
2026-06-13 22:11:14,3903,5,34.0,25.0,222,estres_leve
2026-06-13 22:26:15,3920,4,34.0,25.0,194,estres_leve
2026-06-13 22:41:17,3931,4,34.0,25.0,236,estres_leve
2026-06-13 22:56:18,3918,4,34.0,26.0,171,estres_leve
2026-06-13 23:11:20,3930,4,34.0,26.0,173,estres_leve
2026-06-13 23:26:22,3925,4,34.0,26.0,196,estres_leve
2026-06-13 23:41:22,3927,4,34.0,26.0,182,estres_leve
2026-06-13 23:56:24,3917,4,34.0,26.0,188,estres_leve
2026-06-14 00:11:26,3893,5,34.0,26.0,161,estres_leve
2026-06-14 00:26:27,3933,4,34.0,26.0,0,estres_leve
2026-06-14 00:41:29,3893,5,34.0,26.0,0,estres_leve
2026-06-14 00:56:30,3894,5,34.0,25.0,0,estres_leve
2026-06-14 01:11:32,3929,4,34.0,25.0,0,estres_leve
2026-06-14 01:26:34,3951,3,34.0,25.0,0,estres_leve
2026-06-14 01:41:35,3913,5,34.0,25.0,0,estres_leve
2026-06-14 01:56:37,3904,5,34.0,25.0,0,estres_leve
2026-06-14 02:11:39,3947,4,34.0,25.0,0,estres_leve
2026-06-14 02:26:40,3918,4,34.0,25.0,0,estres_leve
2026-06-14 02:41:41,3911,5,34.0,25.0,0,estres_leve
2026-06-14 02:56:42,3914,5,34.0,25.0,0,estres_leve
2026-06-14 03:11:44,3927,4,34.0,25.0,0,estres_leve
2026-06-14 03:26:46,3957,3,34.0,25.0,0,estres_leve
2026-06-14 03:41:47,3940,4,34.0,25.0,0,estres_leve
2026-06-14 03:56:49,3954,3,34.0,25.0,0,estres_leve
2026-06-14 04:11:50,3970,3,34.0,25.0,0,estres_leve
2026-06-14 04:26:52,3983,3,34.0,25.0,0,estres_leve
2026-06-14 04:41:54,3970,3,34.0,25.0,0,estres_leve
2026-06-14 04:56:55,3970,3,34.0,25.0,0,estres_leve
2026-06-14 05:11:57,3953,3,34.0,25.0,0,estres_leve
2026-06-14 05:26:58,3957,3,34.0,25.0,0,estres_leve
2026-06-14 05:41:59,3949,4,34.0,25.0,0,estres_leve
2026-06-14 05:57:01,3940,4,34.0,25.0,0,estres_leve
2026-06-14 06:12:02,3963,3,34.0,25.0,0,estres_leve
2026-06-14 06:27:04,3984,3,34.0,25.0,0,estres_leve
2026-06-14 06:42:06,3974,3,34.0,25.0,0,estres_leve
2026-06-14 06:57:07,3967,3,34.0,25.0,0,estres_leve
2026-06-14 07:12:09,3952,3,35.0,24.0,0,estres_leve
2026-06-14 07:27:10,3995,2,35.0,24.0,0,estres_leve
2026-06-14 07:42:12,3975,3,35.0,24.0,0,estres_leve
2026-06-14 07:57:14,3964,3,35.0,24.0,0,estres_leve
2026-06-14 08:12:15,3993,2,35.0,24.0,0,estres_leve
2026-06-14 08:27:17,3985,3,35.0,24.0,186,estres_leve
2026-06-14 08:42:18,3983,3,35.0,24.0,439,estres_leve
2026-06-14 08:57:19,4005,2,35.0,24.0,599,estres_leve
2026-06-14 09:12:21,4004,2,35.0,24.0,262,estres_leve
2026-06-14 09:27:22,3995,2,35.0,24.0,1234,estres_leve
2026-06-14 09:42:24,3993,2,35.0,24.0,1535,estres_leve
2026-06-14 09:57:26,3994,2,35.0,24.0,1535,estres_leve
2026-06-14 10:12:27,3984,3,35.0,24.0,999,estres_leve
2026-06-14 10:27:29,3999,2,35.0,24.0,871,estres_leve
2026-06-14 10:42:30,4016,2,35.0,24.0,1231,estres_leve
2026-06-14 10:57:32,4015,2,35.0,24.0,1746,estres_leve
2026-06-14 11:12:34,3983,3,35.0,24.0,1293,estres_leve
2026-06-14 11:27:35,3973,3,35.0,24.0,1473,estres_leve
2026-06-14 11:42:36,3982,3,35.0,24.0,1358,estres_leve
2026-06-14 11:57:38,3976,3,35.0,24.0,1658,estres_leve
2026-06-14 12:12:39,3979,3,35.0,24.0,1105,estres_leve
2026-06-14 12:27:41,4012,2,35.0,24.0,998,estres_leve
2026-06-14 12:42:42,4016,2,35.0,24.0,2517,estres_leve
2026-06-14 12:57:44,4019,2,35.0,24.0,1513,estres_leve
2026-06-14 13:12:46,4003,2,35.0,24.0,1114,estres_leve
2026-06-14 13:27:47,4018,2,35.0,24.0,778,estres_leve
2026-06-14 13:42:49,4022,2,35.0,24.0,832,estres_leve
2026-06-14 13:57:50,4030,1,35.0,24.0,811,estres_leve
2026-06-14 14:12:52,4014,2,35.0,24.0,718,estres_leve
2026-06-14 14:27:54,4048,1,35.0,24.0,1107,estres_leve
2026-06-14 14:58:05,4059,0,35.0,24.0,548,estres_leve
2026-06-14 15:13:07,4032,1,35.0,24.0,511,estres_leve
2026-06-14 15:28:09,4047,1,35.0,24.0,560,estres_leve
2026-06-14 15:43:10,4055,1,35.0,24.0,477,estres_leve
2026-06-14 15:58:12,4080,0,35.0,24.0,431,estres_leve
2026-06-14 16:13:14,4078,0,35.0,24.0,117,estres_leve
2026-06-14 16:28:15,4079,0,35.0,24.0,79,estres_leve
2026-06-14 16:43:17,4068,0,35.0,24.0,33,estres_leve
2026-06-14 16:58:18,4095,0,35.0,24.0,0,estres_leve
2026-06-14 17:13:20,4073,0,35.0,24.0,0,estres_leve
2026-06-14 17:28:22,4070,0,35.0,24.0,0,estres_leve
2026-06-14 17:43:22,4095,0,35.0,24.0,77,estres_leve
2026-06-14 17:58:24,4085,0,35.0,24.0,180,estres_leve
2026-06-14 18:13:25,4080,0,35.0,24.0,174,estres_leve
2026-06-14 18:28:27,4070,0,35.0,24.0,168,estres_leve
2026-06-14 18:43:29,4076,0,35.0,24.0,195,estres_leve
2026-06-14 18:58:30,4094,0,34.0,25.0,192,estres_leve
2026-06-14 19:13:32,4085,0,34.0,25.0,59,estres_leve
2026-06-14 19:28:33,4069,0,34.0,25.0,63,estres_leve
2026-06-14 19:43:35,4082,0,34.0,25.0,65,estres_leve
2026-06-14 19:58:37,4095,0,34.0,25.0,209,estres_leve
2026-06-14 20:13:38,4094,0,34.0,25.0,197,estres_leve
2026-06-14 20:28:40,4095,0,34.0,25.0,112,estres_leve
2026-06-14 20:43:41,4062,0,34.0,25.0,205,estres_leve
2026-06-14 20:58:42,4061,0,34.0,25.0,144,estres_leve
2026-06-14 21:13:44,4087,0,34.0,25.0,192,estres_leve
2026-06-14 21:28:45,4071,0,34.0,25.0,209,estres_leve
2026-06-14 21:43:47,4080,0,34.0,25.0,247,estres_leve
2026-06-14 21:58:49,4095,0,34.0,25.0,183,estres_leve
2026-06-14 22:13:50,4077,0,34.0,25.0,259,estres_leve
2026-06-14 22:28:52,4092,0,34.0,26.0,62,estres_leve
2026-06-14 22:43:53,4095,0,34.0,26.0,69,estres_leve
2026-06-14 22:58:55,4095,0,34.0,26.0,73,estres_leve
2026-06-14 23:13:57,4086,0,34.0,26.0,75,estres_leve
2026-06-14 23:40:41,4067,0,34.0,26.0,0,estres_leve
2026-06-14 23:55:42,4095,0,34.0,25.0,0,estres_leve
2026-06-15 00:10:44,4078,0,34.0,25.0,0,estres_leve
2026-06-15 00:25:46,4081,0,34.0,25.0,0,estres_leve
2026-06-15 00:40:47,4095,0,34.0,25.0,0,estres_leve
2026-06-15 00:55:49,4087,0,34.0,25.0,0,estres_leve
2026-06-15 01:10:51,4095,0,34.0,25.0,0,estres_leve
2026-06-15 01:25:52,4095,0,34.0,25.0,0,estres_leve
2026-06-15 01:40:54,4091,0,34.0,25.0,0,estres_leve
2026-06-15 01:55:55,4091,0,34.0,25.0,0,estres_leve
2026-06-15 02:10:57,4095,0,34.0,25.0,0,estres_leve
2026-06-15 02:25:58,4095,0,34.0,25.0,0,estres_leve
2026-06-15 02:40:59,4095,0,34.0,25.0,0,estres_leve
2026-06-15 02:56:01,4095,0,34.0,25.0,0,estres_leve
2026-06-15 03:11:03,4095,0,34.0,25.0,0,estres_leve
2026-06-15 03:26:04,4095,0,34.0,25.0,0,estres_leve
2026-06-15 03:41:06,4095,0,34.0,25.0,0,estres_leve
2026-06-15 03:56:07,4095,0,34.0,25.0,0,estres_leve
2026-06-15 04:11:09,4095,0,34.0,25.0,0,estres_leve
2026-06-15 04:26:11,4095,0,34.0,25.0,0,estres_leve
2026-06-15 04:41:12,4095,0,34.0,25.0,0,estres_leve
2026-06-15 04:56:14,4095,0,34.0,25.0,0,estres_leve
2026-06-15 05:11:15,4095,0,34.0,25.0,0,estres_leve
2026-06-15 05:26:16,4095,0,34.0,25.0,0,estres_leve
2026-06-15 05:41:18,4095,0,34.0,25.0,0,estres_leve
2026-06-15 05:56:19,4095,0,34.0,25.0,0,estres_leve
2026-06-15 06:11:21,4095,0,35.0,24.0,0,estres_leve
2026-06-15 06:26:23,4095,0,35.0,24.0,0,estres_leve
2026-06-15 06:41:24,4095,0,35.0,24.0,0,estres_leve
2026-06-15 06:56:26,4095,0,35.0,24.0,0,estres_leve
2026-06-15 07:11:27,4095,0,35.0,24.0,64,estres_leve
2026-06-15 07:26:29,4095,0,35.0,24.0,0,estres_leve
2026-06-15 07:41:31,4095,0,35.0,24.0,0,estres_leve
2026-06-15 07:56:32,4095,0,35.0,24.0,0,estres_leve
2026-06-15 08:11:34,4095,0,35.0,24.0,0,estres_leve
2026-06-15 08:26:34,4095,0,35.0,24.0,69,estres_leve
2026-06-15 08:41:36,4095,0,35.0,24.0,330,estres_leve
2026-06-15 08:56:38,4095,0,35.0,24.0,399,estres_leve
2026-06-15 09:11:39,4095,0,35.0,24.0,629,estres_leve
2026-06-15 09:26:41,4095,0,35.0,24.0,1089,estres_leve
2026-06-15 09:41:42,4095,0,35.0,24.0,1381,estres_leve
2026-06-15 09:56:44,4095,0,35.0,24.0,1701,estres_leve
2026-06-15 10:11:46,4095,0,35.0,24.0,1349,estres_leve
2026-06-15 10:26:47,4095,0,35.0,24.0,1264,estres_leve
2026-06-15 10:41:49,4095,0,35.0,24.0,750,estres_leve
2026-06-15 10:56:50,4095,0,35.0,24.0,1328,estres_leve
2026-06-15 11:11:52,4095,0,35.0,24.0,1819,estres_leve
2026-06-15 11:26:53,4095,0,35.0,24.0,1757,estres_leve
2026-06-15 11:41:54,4095,0,35.0,24.0,1856,estres_leve
2026-06-15 11:56:56,4095,0,35.0,24.0,1099,estres_leve
2026-06-15 12:11:58,4095,0,35.0,24.0,1531,estres_leve
2026-06-15 12:26:59,4095,0,35.0,24.0,2768,estres_leve
2026-06-15 12:42:01,4095,0,35.0,24.0,2534,estres_leve
2026-06-15 12:57:02,4095,0,35.0,24.0,1831,estres_leve
2026-06-15 13:12:04,4095,0,35.0,24.0,729,estres_leve
2026-06-15 13:27:06,4095,0,35.0,24.0,691,estres_leve
2026-06-15 13:42:07,4095,0,35.0,24.0,683,estres_leve
2026-06-15 13:57:09,4095,0,35.0,24.0,752,estres_leve
2026-06-15 14:12:10,4095,0,35.0,24.0,733,estres_leve
2026-06-15 14:27:11,4095,0,35.0,24.0,702,estres_leve
2026-06-15 14:42:13,4095,0,35.0,24.0,640,estres_leve
2026-06-15 14:57:14,4095,0,35.0,24.0,487,estres_leve
2026-06-15 15:12:16,4095,0,35.0,24.0,422,estres_leve
2026-06-15 15:27:18,4095,0,35.0,24.0,368,estres_leve
2026-06-15 15:42:19,4095,0,35.0,24.0,319,estres_leve
2026-06-15 15:57:21,4095,0,35.0,24.0,252,estres_leve
2026-06-15 16:12:22,4095,0,35.0,24.0,208,estres_leve
2026-06-15 16:27:24,4095,0,35.0,24.0,161,estres_leve
2026-06-15 16:42:26,4095,0,35.0,24.0,105,estres_leve
2026-06-15 16:57:27,4095,0,35.0,24.0,47,estres_leve
2026-06-15 17:12:29,4095,0,35.0,24.0,176,estres_leve
2026-06-15 17:27:30,4095,0,35.0,24.0,112,estres_leve
2026-06-15 17:42:31,4095,0,35.0,24.0,55,estres_leve
2026-06-15 17:57:33,4095,0,35.0,24.0,39,estres_leve
2026-06-15 18:12:34,4095,0,35.0,24.0,40,estres_leve
2026-06-15 18:27:36,4095,0,35.0,24.0,43,estres_leve
2026-06-15 18:42:38,4095,0,35.0,24.0,149,estres_leve
2026-06-15 18:57:39,4095,0,35.0,24.0,156,estres_leve
2026-06-15 19:12:41,4095,0,34.0,25.0,128,estres_leve
2026-06-15 19:27:42,4095,0,34.0,25.0,74,estres_leve
2026-06-15 19:42:44,4095,0,34.0,25.0,114,estres_leve
2026-06-15 19:57:46,4095,0,34.0,25.0,145,estres_leve
2026-06-15 20:12:47,4095,0,34.0,25.0,1181,estres_leve
2026-06-15 20:27:48,4095,0,34.0,25.0,1155,estres_leve
2026-06-15 20:42:50,4095,0,34.0,25.0,1162,estres_leve
2026-06-15 20:57:51,4095,0,34.0,25.0,1145,estres_leve
2026-06-15 21:12:53,4095,0,34.0,26.0,1174,estres_leve
2026-06-15 21:27:54,4095,0,34.0,26.0,1136,estres_leve
2026-06-15 21:42:56,4095,0,34.0,26.0,1135,estres_leve
2026-06-15 21:57:58,4095,0,34.0,26.0,1149,estres_leve
2026-06-15 22:12:59,4095,0,34.0,26.0,1154,estres_leve
2026-06-15 22:28:01,4095,0,34.0,26.0,1150,estres_leve
2026-06-15 22:43:02,4095,0,34.0,26.0,1120,estres_leve
2026-06-15 22:58:04,4095,0,34.0,26.0,1139,estres_leve
2026-06-15 23:13:06,4095,0,34.0,26.0,1136,estres_leve
2026-06-15 23:28:06,4095,0,34.0,26.0,1152,estres_leve
2026-06-15 23:43:08,4095,0,34.0,26.0,1139,estres_leve
2026-06-15 23:58:09,4095,0,34.0,26.0,1151,estres_leve
2026-06-16 00:13:11,4095,0,34.0,26.0,0,estres_leve
2026-06-16 00:28:13,4095,0,34.0,26.0,0,estres_leve
2026-06-16 00:43:14,4095,0,34.0,26.0,0,estres_leve
2026-06-16 00:58:16,4095,0,34.0,26.0,0,estres_leve
2026-06-16 01:13:18,4095,0,34.0,26.0,0,estres_leve
2026-06-16 01:28:19,4095,0,34.0,26.0,0,estres_leve
2026-06-16 01:43:21,4095,0,34.0,25.0,0,estres_leve
2026-06-16 01:58:22,4095,0,34.0,25.0,0,estres_leve
2026-06-16 02:13:24,4095,0,34.0,25.0,0,estres_leve
2026-06-16 02:28:25,4095,0,34.0,25.0,0,estres_leve
2026-06-16 02:43:26,4095,0,34.0,25.0,0,estres_leve
2026-06-16 02:58:28,4095,0,34.0,25.0,0,estres_leve
2026-06-16 03:13:30,4095,0,34.0,25.0,0,estres_leve
2026-06-16 03:28:31,4095,0,34.0,25.0,0,estres_leve
2026-06-16 03:43:33,4095,0,34.0,25.0,0,estres_leve
2026-06-16 03:58:34,4095,0,34.0,25.0,0,estres_leve
2026-06-16 04:13:36,4095,0,34.0,25.0,0,estres_leve
2026-06-16 04:28:38,4095,0,34.0,25.0,0,estres_leve
2026-06-16 04:43:39,4095,0,34.0,25.0,0,estres_leve
2026-06-16 04:58:41,4095,0,34.0,25.0,0,estres_leve
2026-06-16 05:13:42,4095,0,34.0,25.0,0,estres_leve
2026-06-16 05:28:43,4095,0,34.0,25.0,0,estres_leve
2026-06-16 05:43:45,4095,0,34.0,25.0,0,estres_leve
2026-06-16 05:58:46,4095,0,34.0,25.0,0,estres_leve
2026-06-16 06:13:48,4095,0,34.0,25.0,0,marchita
2026-06-16 06:28:49,4095,0,34.0,25.0,0,marchita
2026-06-16 06:43:51,4095,0,34.0,25.0,0,marchita
2026-06-16 06:58:53,4095,0,34.0,25.0,0,marchita
2026-06-16 07:13:54,4095,0,34.0,25.0,0,marchita
2026-06-16 07:28:56,4095,0,34.0,25.0,66,marchita
2026-06-16 07:43:58,4095,0,34.0,25.0,0,marchita
2026-06-16 07:58:59,4095,0,35.0,24.0,0,marchita
2026-06-16 08:14:01,4095,0,34.0,25.0,0,marchita
2026-06-16 08:29:01,4095,0,35.0,24.0,228,marchita
2026-06-16 08:44:03,4095,0,35.0,24.0,399,marchita
2026-06-16 08:59:05,4095,0,35.0,24.0,466,marchita
2026-06-16 09:14:06,4095,0,35.0,24.0,658,marchita
2026-06-16 09:29:08,4095,0,35.0,24.0,1234,marchita
2026-06-16 09:44:09,4095,0,35.0,24.0,1575,marchita
2026-06-16 09:59:11,4095,0,35.0,24.0,1778,marchita
2026-06-16 10:14:13,4095,0,35.0,24.0,1430,marchita
2026-06-16 10:29:14,4095,0,35.0,24.0,1247,marchita
2026-06-16 10:44:16,4095,0,35.0,24.0,1101,marchita
2026-06-16 10:59:18,4095,0,35.0,24.0,1359,marchita
2026-06-16 11:14:19,4095,0,35.0,24.0,1465,marchita
2026-06-16 11:29:20,4095,0,35.0,24.0,1379,marchita
2026-06-16 11:44:21,4095,0,35.0,24.0,1407,marchita
2026-06-16 11:59:23,4095,0,35.0,24.0,1367,marchita
2026-06-16 12:14:25,4095,0,35.0,24.0,2159,marchita
2026-06-16 12:29:26,4095,0,35.0,24.0,2895,marchita
2026-06-16 12:44:28,4095,0,35.0,24.0,2515,marchita
2026-06-16 12:59:29,4095,0,35.0,24.0,1776,marchita
2026-06-16 13:14:31,4095,0,35.0,24.0,799,marchita
2026-06-16 13:29:33,4095,0,35.0,24.0,838,marchita
2026-06-16 13:44:34,4095,0,35.0,24.0,733,marchita
2026-06-16 13:59:36,4095,0,35.0,24.0,784,marchita
2026-06-16 14:14:37,4095,0,35.0,24.0,752,marchita
2026-06-16 14:29:38,4095,0,35.0,24.0,808,marchita
2026-06-16 14:44:40,4095,0,35.0,24.0,754,marchita
2026-06-16 14:59:41,4095,0,35.0,24.0,707,marchita
2026-06-16 15:14:43,4095,0,35.0,24.0,674,marchita
2026-06-16 15:29:45,4095,0,35.0,24.0,593,marchita
2026-06-16 15:44:46,4095,0,35.0,24.0,539,marchita
2026-06-16 15:59:48,4095,0,35.0,24.0,501,marchita
2026-06-16 16:14:49,4095,0,35.0,24.0,293,marchita
2026-06-16 16:29:51,4095,0,35.0,24.0,234,marchita
2026-06-16 16:44:53,4095,0,34.0,25.0,167,marchita
2026-06-16 16:59:54,4095,0,34.0,25.0,99,marchita
2026-06-16 17:14:56,4095,0,34.0,25.0,33,marchita
2026-06-16 17:29:57,4095,0,34.0,25.0,0,marchita
2026-06-16 17:44:58,4095,0,34.0,25.0,97,marchita
2026-06-16 18:00:00,4095,0,34.0,25.0,65,marchita
2026-06-16 18:15:02,4095,0,34.0,25.0,64,marchita
2026-06-16 18:30:03,4095,0,34.0,25.0,67,marchita
2026-06-16 18:45:05,4095,0,34.0,25.0,41,marchita
2026-06-16 19:00:06,4095,0,34.0,25.0,66,marchita
2026-06-16 19:15:08,4095,0,34.0,25.0,61,marchita
2026-06-16 19:30:10,4095,0,34.0,25.0,80,marchita
2026-06-16 19:45:11,4095,0,34.0,25.0,80,marchita
2026-06-17 11:10:24,2351,48,34.0,25.0,1373,marchita
2026-06-17 11:23:59,2083,55,34.0,25.0,1330,marchita
2026-06-17 11:39:01,2211,52,37.0,22.0,1632,marchita
2026-06-17 11:54:03,2358,48,36.0,23.0,1472,marchita
2026-06-17 12:09:04,2512,43,36.0,24.0,1703,marchita
2026-06-17 12:24:06,2589,41,36.0,24.0,2768,marchita
2026-06-17 12:39:07,2672,39,36.0,23.0,2753,marchita
2026-06-17 12:54:09,2739,37,36.0,23.0,2000,marchita
2026-06-17 13:09:11,2785,36,36.0,23.0,1006,marchita
2026-06-17 13:24:12,2823,35,36.0,23.0,976,marchita
2026-06-17 13:39:14,2834,34,36.0,23.0,1035,marchita
2026-06-17 13:54:16,2857,34,36.0,23.0,995,marchita
2026-06-17 14:09:16,2892,33,36.0,23.0,960,estres_leve
2026-06-17 14:24:18,2909,32,36.0,23.0,922,estres_leve
2026-06-17 14:39:20,2928,32,36.0,23.0,817,estres_leve
2026-06-17 14:54:21,2943,31,36.0,23.0,816,estres_leve
2026-06-17 15:09:23,2955,31,36.0,23.0,688,estres_leve
2026-06-17 15:24:24,2987,30,36.0,23.0,617,estres_leve
2026-06-17 15:39:26,2974,31,36.0,23.0,624,estres_leve
2026-06-17 15:54:28,2993,30,36.0,23.0,688,estres_leve
2026-06-17 16:09:29,2988,30,36.0,23.0,597,estres_leve
2026-06-17 16:24:31,2992,30,36.0,23.0,662,estres_leve
2026-06-17 16:39:33,3019,29,36.0,23.0,315,estres_leve
2026-06-17 16:54:34,3025,29,36.0,23.0,209,estres_leve
2026-06-17 17:09:35,3035,29,36.0,23.0,109,estres_leve
2026-06-17 17:24:37,3045,29,36.0,23.0,0,estres_leve
2026-06-17 17:39:38,3034,29,36.0,24.0,0,estres_leve
2026-06-17 17:54:40,3029,29,36.0,24.0,50,estres_leve
2026-06-17 18:09:42,3060,28,36.0,24.0,48,estres_leve
2026-06-17 18:24:43,3056,28,36.0,24.0,47,estres_leve
2026-06-17 18:39:45,3054,28,36.0,24.0,48,estres_leve
2026-06-18 19:38:53,4095,0,36.0,22.0,2627,estres_leve
2026-06-18 20:40:11,4095,0,35.0,23.0,2958,estres_leve
2026-06-18 20:42:48,4095,0,35.0,23.0,2967,estres_leve
2026-06-18 20:43:19,3828,7,35.0,23.0,3115,estres_leve
2026-06-18 20:50:51,3735,9,35.0,23.0,2859,estres_leve
2026-06-18 20:54:41,3770,9,35.0,23.0,2903,estres_leve
2026-06-18 20:56:24,3776,8,35.0,23.0,2967,estres_leve
